path,sources,kinds,title,handler,covered
/,"crawl,wordpress-page","page,seo-landing",RENTING COCHES ↑↑《TOP1》MEJORES PRECIOS RENTING,src/app/page.tsx,True
/%e2%96%b7-rutaruta-coche-costa-tropical-granada/,wordpress-post,post,Rutas en coche: Costa Tropical Granada,src/app/[...sourcePath]/page.tsx,True
/5-mujeres-que-han-hecho-historia-en-el-mundo-de-la-automocion/,"crawl,wordpress-post","post,seo-landing",5 mujeres que han hecho historia en el mundo de la automoción - Prisma Renting,src/app/[...sourcePath]/page.tsx,True
/acierta-con-tu-coche-de-empresa/,"crawl,wordpress-post","post,seo-landing",Acierta con tu coche de empresa - Prisma Renting,src/app/[...sourcePath]/page.tsx,True
/alta-gama/,"crawl,wordpress-page","page,seo-landing",RENTING COCHES DE ALTA GAMA | COCHES DE LUJO,src/app/alta-gama/page.tsx,True
/anucnios-coche-musica/,"crawl,wordpress-post","post,seo-landing",▷ Anuncios de coche que han destacado por su música | Prisma Renting,src/app/[...sourcePath]/page.tsx,True
/aviso-legal/,"crawl,wordpress-page","corporate,page",AVISO LEGAL - Prisma Renting,src/app/[...sourcePath]/page.tsx,True
/blog/,"crawl,wordpress-page","blog-index,page",BLOG - Prisma Renting,src/app/blog/page.tsx,True
/bulos-mundo-automocion/,"crawl,wordpress-post","post,seo-landing",Damos respuesta a bulos sobre el mundo de la automoción - Prisma Renting,src/app/[...sourcePath]/page.tsx,True
/canciones-espanolas-miticas-nombran-modelos-marcas-coches/,"crawl,wordpress-post","post,seo-landing",▷ Canciones españolas míticas que hablan de marcas y modelos de coches | Prisma Renting,src/app/[...sourcePath]/page.tsx,True
/canciones-rock-coches/,"crawl,wordpress-post","post,seo-landing",▷ Canciones de ROCK sobre coches | Prisma Renting,src/app/[...sourcePath]/page.tsx,True
/cat/hyundai/bayon/,crawl,seo-landing,Bayon archivos - Prisma Renting,src/app/[...sourcePath]/page.tsx,True
/cat/hyundai/i20/,crawl,seo-landing,i20 archivos - Prisma Renting,src/app/[...sourcePath]/page.tsx,True
/cat/hyundai/i30/,crawl,seo-landing,I30 archivos - Prisma Renting,src/app/[...sourcePath]/page.tsx,True
/cat/hyundai/kona/,crawl,seo-landing,Kona archivos - Prisma Renting,src/app/[...sourcePath]/page.tsx,True
/cat/hyundai/tucson/,crawl,seo-landing,Tucson archivos - Prisma Renting,src/app/[...sourcePath]/page.tsx,True
/cat/kia/new-sportage/,crawl,seo-landing,New Sportage archivos - Prisma Renting,src/app/[...sourcePath]/page.tsx,True
/cat/lexus/nx/,crawl,seo-landing,Nx archivos - Prisma Renting,src/app/[...sourcePath]/page.tsx,True
/cat/marcas-de-renting/bmw/x5/,crawl,seo-landing,X5 archivos - Prisma Renting,src/app/[...sourcePath]/page.tsx,True
/cat/marcas-de-renting/citroen/c5-x-2/,crawl,seo-landing,C5 X archivos - Prisma Renting,src/app/[...sourcePath]/page.tsx,True
/cat/marcas-de-renting/fiat/500l/,crawl,seo-landing,500L archivos - Prisma Renting,src/app/[...sourcePath]/page.tsx,True
/cat/marcas-de-renting/fiat/fiorino/,crawl,seo-landing,Fiorino archivos - Prisma Renting,src/app/[...sourcePath]/page.tsx,True
/cat/modelo/,crawl,seo-landing,MODELO archivos - Prisma Renting,src/app/[...sourcePath]/page.tsx,True
/cat/modelo/arona-modelo/,crawl,seo-landing,Arona archivos - Prisma Renting,src/app/[...sourcePath]/page.tsx,True
/cat/modelo/puma-modelo/,crawl,seo-landing,Puma archivos - Prisma Renting,src/app/[...sourcePath]/page.tsx,True
/cat/opel/,crawl,seo-landing,OPEL archivos - Prisma Renting,src/app/[...sourcePath]/page.tsx,True
/cat/opel/combo/,crawl,seo-landing,COMBO archivos - Prisma Renting,src/app/[...sourcePath]/page.tsx,True
/cat/opel/corsa/,crawl,seo-landing,CORSA archivos - Prisma Renting,src/app/[...sourcePath]/page.tsx,True
/cat/opel/grandland/,crawl,seo-landing,GRANDLAND archivos - Prisma Renting,src/app/[...sourcePath]/page.tsx,True
/cat/opel/mokka-2/,crawl,seo-landing,Mokka archivos - Prisma Renting,src/app/[...sourcePath]/page.tsx,True
/cat/opel/vivaro-m/,crawl,seo-landing,VIVARO M archivos - Prisma Renting,src/app/[...sourcePath]/page.tsx,True
/cat/porsche/macan/,crawl,seo-landing,MACAN archivos - Prisma Renting,src/app/[...sourcePath]/page.tsx,True
/cat/seat/ibiza-2/,crawl,seo-landing,Ibiza archivos - Prisma Renting,src/app/[...sourcePath]/page.tsx,True
/cat/skoda/enyaq/,crawl,seo-landing,Enyaq archivos - Prisma Renting,src/app/[...sourcePath]/page.tsx,True
/cat/skoda/scala/,crawl,seo-landing,Scala archivos - Prisma Renting,src/app/[...sourcePath]/page.tsx,True
/cat/toyota/aygo-x-cross/,crawl,seo-landing,Aygo X Cross archivos - Prisma Renting,src/app/[...sourcePath]/page.tsx,True
/cat/volkswagen/caddy/,crawl,seo-landing,Caddy archivos - Prisma Renting,src/app/[...sourcePath]/page.tsx,True
/cat/volvo/xc40/,crawl,seo-landing,Xc40 archivos - Prisma Renting,src/app/[...sourcePath]/page.tsx,True
/cat/volvo/xc60/,crawl,seo-landing,Xc60 archivos - Prisma Renting,src/app/[...sourcePath]/page.tsx,True
/category/https-prismarenting-com-blog-curiosidades/,crawl,seo-landing,Curiosidades archivos - Prisma Renting,src/app/[...sourcePath]/page.tsx,True
/category/https-prismarenting-com-blog-movilidadysostenibilidad/,crawl,seo-landing,Movilidad y sostenibilidad archivos - Prisma Renting,src/app/[...sourcePath]/page.tsx,True
/category/https-prismarenting-com-blog-novedades/,crawl,seo-landing,Novedades archivos - Prisma Renting,src/app/[...sourcePath]/page.tsx,True
/category/https-prismarenting-com-blog-renting/,crawl,seo-landing,Renting archivos - Prisma Renting,src/app/[...sourcePath]/page.tsx,True
/category/https-prismarenting-com-blog-rutas/,crawl,seo-landing,Rutas by Prisma Renting - Prisma Renting,src/app/[...sourcePath]/page.tsx,True
/claves-crecimiento-renting/,"crawl,wordpress-post","post,seo-landing",▷ Las claves del crecimiento del Renting | Prisma Renting,src/app/[...sourcePath]/page.tsx,True
/coche-de-renting-mas-barato/,"crawl,wordpress-post","post,seo-landing",¿Cuál es el coche de renting más barato? ✔✔ Listado agosto 2026,src/app/[...sourcePath]/page.tsx,True
/coches-etiqueta-eco-asequibles/,"crawl,wordpress-post","post,seo-landing",▷ Coches con etiqueta ECO muy asequibles | Prisma Renting,src/app/[...sourcePath]/page.tsx,True
/coches-mas-famosos-series-animacion/,"crawl,wordpress-post","post,seo-landing",▷ Los coches más famosos de las series de animación | Prisma Renting,src/app/[...sourcePath]/page.tsx,True
/coches-mas-rapidos-del-mundo/,"crawl,wordpress-post","post,seo-landing",▷ Los coches más rápidos del mundo | Prisma Renting,src/app/[...sourcePath]/page.tsx,True
/coches-mas-vendisos-en-espana/,"crawl,wordpress-post","post,seo-landing",▷ Los coches MÁS VENDIDOS EN ESPAÑA (primer trimestre del 2021),src/app/[...sourcePath]/page.tsx,True
/coches-nueva-pelicula-james-bond/,"crawl,wordpress-post","post,seo-landing",▷ Los coches de la nueva película de James Bond | Prisma Renting,src/app/[...sourcePath]/page.tsx,True
/como-debes-llevar-a-tu-bebe-en-el-coche/,"crawl,wordpress-post","post,seo-landing",¿Cómo debes llevar a tu bebé en el coche? - Prisma Renting,src/app/[...sourcePath]/page.tsx,True
/como-evitar-el-robo-de-tu-coche/,"crawl,wordpress-post","post,seo-landing",▷ Cómo evitar el robo de tu coche | Prisma Renting,src/app/[...sourcePath]/page.tsx,True
/como-funciona-el-renting-de-prisma-renting/,"crawl,wordpress-post","post,seo-landing",¿Cómo funciona el renting de Prisma Renting?,src/app/[...sourcePath]/page.tsx,True
/como-hacer-foto-perfecta-coche/,"crawl,wordpress-post","post,seo-landing",▷ Cómo hacer la foto perfecta para tu coche | Prisma Renting,src/app/[...sourcePath]/page.tsx,True
/como-llevar-las-bicicletas-en-el-coche/,"crawl,wordpress-post","post,seo-landing",▷ Como llevar las BICICLETAS en el COCHE | Prisma Renting,src/app/[...sourcePath]/page.tsx,True
/como-poner-las-cadenas-para-la-nieve/,"crawl,wordpress-post","post,seo-landing",▷ Cómo poner las cadenas para la nieve | Prisma Renting,src/app/[...sourcePath]/page.tsx,True
/como-se-comprueba-que-un-vehiculo-es-seguro/,"crawl,wordpress-post","post,seo-landing",¿Cómo se comprueba que un vehículo es seguro? - Prisma Renting,src/app/[...sourcePath]/page.tsx,True
/comparador-renting-coches/,"crawl,wordpress-page","page,seo-landing",▷ Comparador de Renting de Coches | Prisma Renting,src/app/[...sourcePath]/page.tsx,True
/comportamiento-consumidor-automocion-tras-pandemia/,"crawl,wordpress-post","post,seo-landing",El comportamiento del consumidor en el mundo de la automoción tras la pandemia - Prisma Renting,src/app/[...sourcePath]/page.tsx,True
/consejos-para-ahorrar-gasolina/,"crawl,wordpress-post","post,seo-landing",▷ Consejos para ahorrar gasolina | Prisma Renting,src/app/[...sourcePath]/page.tsx,True
/consejos-para-evitar-el-aquaplaning/,"crawl,wordpress-post","post,seo-landing",▷ Consejos para evitar el aquaplaning | Prisma Renting,src/app/[...sourcePath]/page.tsx,True
/consejos-road-trip-amigos/,"crawl,wordpress-post","post,seo-landing",▷Consejos para tu Road Trip con amigos | Prisma Renting,src/app/[...sourcePath]/page.tsx,True
/contacto-email/,wordpress-page,page,CONTACTO EMAIL,src/app/[...sourcePath]/page.tsx,True
/contacto-email3/,wordpress-page,page,CONTACTO EMAIL3,src/app/[...sourcePath]/page.tsx,True
/contacto/,"crawl,wordpress-page","corporate,page",CONTACTO - Prisma Renting,src/app/[...sourcePath]/page.tsx,True
/crece-la-contatacion-de-renting-de-coches-electricos/,"crawl,wordpress-post","post,seo-landing",Crece la contratación de Renting de coches eléctricos - Prisma Renting,src/app/[...sourcePath]/page.tsx,True
/cuales-son-actualmente-los-coches-mas-caros-del-mundo/,"crawl,wordpress-post","post,seo-landing",¿Cuáles son los coches más caros del mundo? - Prisma Renting,src/app/[...sourcePath]/page.tsx,True
/doc/,"crawl,wordpress-page","page,seo-landing",DOC - Prisma Renting,src/app/[...sourcePath]/page.tsx,True
/el-equilibrio-entre-el-renting-y-el-mercado-de-ocasion/,"crawl,wordpress-post","post,seo-landing",El equilibrio entre el Renting y el mercado de Ocasión - Prisma Renting,src/app/[...sourcePath]/page.tsx,True
/el-renting-de-coches-y-sus-ventajas/,"crawl,wordpress-post","post,seo-landing",El renting de coches y sus ventajas - Prisma Renting,src/app/[...sourcePath]/page.tsx,True
/el-renting-la-mejor-opcion-para-los-jovenes/,"crawl,wordpress-post","post,seo-landing","▷ El Renting, la mejor opción para los jóvenes | Prisma Renting",src/app/[...sourcePath]/page.tsx,True
/eres-conductor-novel-no-te-compliques-haz-un-renting/,"crawl,wordpress-post","post,seo-landing","¿Eres conductor novel? No te compliques, ¡haz un renting! - Prisma Renting",src/app/[...sourcePath]/page.tsx,True
/etiqueta-producto/autonomo/,crawl,seo-landing,Autonomo archivos - Prisma Renting,src/app/[...sourcePath]/page.tsx,True
/etiqueta-producto/autonomo/page/2/,crawl,seo-landing,Autonomo archivos - Página 2 de 3 - Prisma Renting,src/app/[...sourcePath]/page.tsx,True
/etiqueta-producto/autonomo/page/3/,crawl,seo-landing,Autonomo archivos - Página 3 de 3 - Prisma Renting,src/app/[...sourcePath]/page.tsx,True
/etiqueta-producto/autonomos-y-empresas/,crawl,seo-landing,autónomos y empresas archivos - Prisma Renting,src/app/[...sourcePath]/page.tsx,True
/etiqueta-producto/disponible-autonomos/,crawl,seo-landing,Autonomos archivos - Prisma Renting,src/app/[...sourcePath]/page.tsx,True
/etiqueta-producto/disponible-autonomos/page/2/,crawl,seo-landing,Autonomos archivos - Página 2 de 2 - Prisma Renting,src/app/[...sourcePath]/page.tsx,True
/etiqueta-producto/disponible-empresas/,crawl,seo-landing,Empresas archivos - Prisma Renting,src/app/[...sourcePath]/page.tsx,True
/etiqueta-producto/disponible-empresas/page/2/,crawl,seo-landing,Empresas archivos - Página 2 de 4 - Prisma Renting,src/app/[...sourcePath]/page.tsx,True
/etiqueta-producto/disponible-empresas/page/3/,crawl,seo-landing,Empresas archivos - Página 3 de 4 - Prisma Renting,src/app/[...sourcePath]/page.tsx,True
/etiqueta-producto/disponible-empresas/page/4/,crawl,seo-landing,Empresas archivos - Página 4 de 4 - Prisma Renting,src/app/[...sourcePath]/page.tsx,True
/etiqueta-producto/disponible-particulares/,crawl,seo-landing,Particulares archivos - Prisma Renting,src/app/[...sourcePath]/page.tsx,True
/etiqueta-producto/disponible-particulares/page/2/,crawl,seo-landing,Particulares archivos - Página 2 de 4 - Prisma Renting,src/app/[...sourcePath]/page.tsx,True
/etiqueta-producto/disponible-particulares/page/3/,crawl,seo-landing,Particulares archivos - Página 3 de 4 - Prisma Renting,src/app/[...sourcePath]/page.tsx,True
/etiqueta-producto/disponible-particulares/page/4/,crawl,seo-landing,Particulares archivos - Página 4 de 4 - Prisma Renting,src/app/[...sourcePath]/page.tsx,True
/etiqueta-producto/empresas-y-particulares/,crawl,seo-landing,empresas y particulares archivos - Prisma Renting,src/app/[...sourcePath]/page.tsx,True
/etiquetas-medioambientales-dgt/,"crawl,wordpress-post","post,seo-landing",Etiquetas medioambientales DGT - Prisma Renting,src/app/[...sourcePath]/page.tsx,True
/evita-estas-5-practicas-al-volante-y-conduce-mejor/,"crawl,wordpress-post","post,seo-landing",5 malas costumbres al volante - Prisma Renting,src/app/[...sourcePath]/page.tsx,True
/faqs/,"crawl,wordpress-page","corporate,page",FAQs - Prisma Renting,src/app/[...sourcePath]/page.tsx,True
/formulario-contacto/,wordpress-page,page,LANDING CONTACTO,src/app/[...sourcePath]/page.tsx,True
/gracias-o/,"crawl,wordpress-page","page,seo-landing",Gracias | Prisma Renting,src/app/[...sourcePath]/page.tsx,True
/gracias-por-contactar-a/,"crawl,wordpress-page","page,seo-landing",Gracias | Prisma Renting,src/app/[...sourcePath]/page.tsx,True
/gracias-por-contactar-al/,"crawl,wordpress-page","page,seo-landing",Gracias | Prisma Renting,src/app/[...sourcePath]/page.tsx,True
/gracias-por-contactar-g/,"crawl,wordpress-page","page,seo-landing",Gracias | Prisma Renting,src/app/[...sourcePath]/page.tsx,True
/importancia-transporte-maritimo-automocion/,"crawl,wordpress-post","post,seo-landing",▷ La importancia del transporte marítimo para la automoción,src/app/[...sourcePath]/page.tsx,True
/influencia-redes-sociales-automocion/,"crawl,wordpress-post","post,seo-landing",▷ La influencia de las Redes Sociales en la automoción | Prisma Renting,src/app/[...sourcePath]/page.tsx,True
/informate-sin-compromiso/,wordpress-page,page,CONTACTO EMAIL2,src/app/[...sourcePath]/page.tsx,True
/kilometros/10-000-kilometros/,crawl,seo-landing,10000 archivos - Prisma Renting,src/app/[...sourcePath]/page.tsx,True
/kilometros/10-000-kilometros/page/10/,crawl,seo-landing,10000 archivos - Página 10 de 11 - Prisma Renting,src/app/[...sourcePath]/page.tsx,True
/kilometros/10-000-kilometros/page/11/,crawl,seo-landing,10000 archivos - Página 11 de 11 - Prisma Renting,src/app/[...sourcePath]/page.tsx,True
/kilometros/10-000-kilometros/page/2/,crawl,seo-landing,10000 archivos - Página 2 de 11 - Prisma Renting,src/app/[...sourcePath]/page.tsx,True
/kilometros/10-000-kilometros/page/3/,crawl,seo-landing,10000 archivos - Página 3 de 11 - Prisma Renting,src/app/[...sourcePath]/page.tsx,True
/kilometros/10-000-kilometros/page/4/,crawl,seo-landing,10000 archivos - Página 4 de 11 - Prisma Renting,src/app/[...sourcePath]/page.tsx,True
/kilometros/10-000-kilometros/page/9/,crawl,seo-landing,10000 archivos - Página 9 de 11 - Prisma Renting,src/app/[...sourcePath]/page.tsx,True
/kilometros/15000-kilometros/,crawl,seo-landing,15000 archivos - Prisma Renting,src/app/[...sourcePath]/page.tsx,True
/kilometros/15000-kilometros/page/10/,crawl,seo-landing,15000 archivos - Página 10 de 11 - Prisma Renting,src/app/[...sourcePath]/page.tsx,True
/kilometros/15000-kilometros/page/11/,crawl,seo-landing,15000 archivos - Página 11 de 11 - Prisma Renting,src/app/[...sourcePath]/page.tsx,True
/kilometros/15000-kilometros/page/2/,crawl,seo-landing,15000 archivos - Página 2 de 11 - Prisma Renting,src/app/[...sourcePath]/page.tsx,True
/kilometros/15000-kilometros/page/3/,crawl,seo-landing,15000 archivos - Página 3 de 11 - Prisma Renting,src/app/[...sourcePath]/page.tsx,True
/kilometros/15000-kilometros/page/4/,crawl,seo-landing,15000 archivos - Página 4 de 11 - Prisma Renting,src/app/[...sourcePath]/page.tsx,True
/kilometros/15000-kilometros/page/9/,crawl,seo-landing,15000 archivos - Página 9 de 11 - Prisma Renting,src/app/[...sourcePath]/page.tsx,True
/kilometros/20000-kilometros/,crawl,seo-landing,20000 archivos - Prisma Renting,src/app/[...sourcePath]/page.tsx,True
/kilometros/20000-kilometros/page/10/,crawl,seo-landing,20000 archivos - Página 10 de 11 - Prisma Renting,src/app/[...sourcePath]/page.tsx,True
/kilometros/20000-kilometros/page/11/,crawl,seo-landing,20000 archivos - Página 11 de 11 - Prisma Renting,src/app/[...sourcePath]/page.tsx,True
/kilometros/20000-kilometros/page/2/,crawl,seo-landing,20000 archivos - Página 2 de 11 - Prisma Renting,src/app/[...sourcePath]/page.tsx,True
/kilometros/20000-kilometros/page/3/,crawl,seo-landing,20000 archivos - Página 3 de 11 - Prisma Renting,src/app/[...sourcePath]/page.tsx,True
/kilometros/20000-kilometros/page/4/,crawl,seo-landing,20000 archivos - Página 4 de 11 - Prisma Renting,src/app/[...sourcePath]/page.tsx,True
/kilometros/20000-kilometros/page/9/,crawl,seo-landing,20000 archivos - Página 9 de 11 - Prisma Renting,src/app/[...sourcePath]/page.tsx,True
/kilometros/30000/,crawl,seo-landing,30000 archivos - Prisma Renting,src/app/[...sourcePath]/page.tsx,True
/kilometros/30000/page/10/,crawl,seo-landing,30000 archivos - Página 10 de 10 - Prisma Renting,src/app/[...sourcePath]/page.tsx,True
/kilometros/30000/page/2/,crawl,seo-landing,30000 archivos - Página 2 de 10 - Prisma Renting,src/app/[...sourcePath]/page.tsx,True
/kilometros/30000/page/3/,crawl,seo-landing,30000 archivos - Página 3 de 10 - Prisma Renting,src/app/[...sourcePath]/page.tsx,True
/kilometros/30000/page/4/,crawl,seo-landing,30000 archivos - Página 4 de 10 - Prisma Renting,src/app/[...sourcePath]/page.tsx,True
/kilometros/30000/page/8/,crawl,seo-landing,30000 archivos - Página 8 de 10 - Prisma Renting,src/app/[...sourcePath]/page.tsx,True
/kilometros/30000/page/9/,crawl,seo-landing,30000 archivos - Página 9 de 10 - Prisma Renting,src/app/[...sourcePath]/page.tsx,True
/kilometros/5000/,crawl,seo-landing,5000 archivos - Prisma Renting,src/app/[...sourcePath]/page.tsx,True
/la-crisis-de-los-semiconductores-en-el-mundo-de-la-automocion/,"crawl,wordpress-post","post,seo-landing",▷ La crisis de los semiconductores en el mundo de la automoción,src/app/[...sourcePath]/page.tsx,True
/la-importancia-de-saber-tratar-a-tu-coche-nuevo/,"crawl,wordpress-post","post,seo-landing",La importancia de saber tratar a tu coche nuevo - Prisma Renting,src/app/[...sourcePath]/page.tsx,True
/la-relacion-entre-el-renting-y-la-riqueza/,"crawl,wordpress-post","post,seo-landing",La relación entre el Renting y la riqueza - Prisma Renting,src/app/[...sourcePath]/page.tsx,True
/las-mejores-peliculas-de-coches/,"crawl,wordpress-post","post,seo-landing",▷ Las mejores películas de coches | Prisma Renting,src/app/[...sourcePath]/page.tsx,True
/las-mejores-tapas-de-espana/,"crawl,wordpress-post","post,seo-landing",▷ Las MEJORES tapas de España | Prisma Renting,src/app/[...sourcePath]/page.tsx,True
/los-5-coches-mas-vendidos-de-la-historia/,"crawl,wordpress-post","post,seo-landing",▷ Los 5 coches más vendidos de la historia | Prisma Renting,src/app/[...sourcePath]/page.tsx,True
/los-coches-mas-frikis-del-mundo/,"crawl,wordpress-post","post,seo-landing",▷ Los coches MÁS FRIKIS del mundo | Prisma Renting,src/app/[...sourcePath]/page.tsx,True
/los-coches-mas-raros-que-se-han-comercializado/,"crawl,wordpress-post","post,seo-landing",▷ Los coches más raros que se han comercializado | Prisma Renting,src/app/[...sourcePath]/page.tsx,True
/los-coches-mas-tecnologicos-del-mercado/,"crawl,wordpress-post","post,seo-landing",▷ Los coches más tecnológicos del mercado | Prisma Renting,src/app/[...sourcePath]/page.tsx,True
/los-coches-mas-vendidos-en-espana-en-2021/,"crawl,wordpress-post","post,seo-landing",Los coches más vendidos en España en 2022 | Prisma Renting,src/app/[...sourcePath]/page.tsx,True
/los-coches-perfectos-para-este-invierno/,"crawl,wordpress-post","post,seo-landing",▷ Los coches perfectos para este invierno | Prisma Renting,src/app/[...sourcePath]/page.tsx,True
/los-mejores-coches-familiares-del-mercado/,"crawl,wordpress-post","post,seo-landing",▷ Los mejores COCHES FAMILIARES del mercado | Prisma Renting,src/app/[...sourcePath]/page.tsx,True
/los-principales-peligros-de-fumar-mientras-conduces/,"crawl,wordpress-post","post,seo-landing",▷ Los principales peligros de FUMAR mientras conduces | Prisma Renting,src/app/[...sourcePath]/page.tsx,True
/los-todoterreno-que-triunfaran-en-2022/,"crawl,wordpress-post","post,seo-landing",Los todoterreno que triunfarán en 2022 | Prisma Renting,src/app/[...sourcePath]/page.tsx,True
/mejores-calas-menorca/,"crawl,wordpress-post","post,seo-landing",▷ Las mejores calas de Menorca | Prisma Renting,src/app/[...sourcePath]/page.tsx,True
/mejores-destinos-otono-espana/,"crawl,wordpress-post","post,seo-landing",▷ Los mejores destinos para visitar en otoño en España | Prisma Renting,src/app/[...sourcePath]/page.tsx,True
/mejores-juegos-coches-historia/,"crawl,wordpress-post","post,seo-landing",▷ Los mejores JUEGOS DE COCHES de la historia | Prisma Renting,src/app/[...sourcePath]/page.tsx,True
/mejores-libros-mundo-del-motor/,"crawl,wordpress-post","post,seo-landing",▷ Los mejores libros del mundo del motor | Prisma Renting,src/app/[...sourcePath]/page.tsx,True
/mejores-ofertas-coches-pymes/,"crawl,wordpress-post","post,seo-landing",Las mejores ofertas de coches para PYMES | Prisma Renting,src/app/[...sourcePath]/page.tsx,True
/mejores-playas-costa-brava/,"crawl,wordpress-post","post,seo-landing",▷ Las mejores playas de la COSTA BRAVA | Prisma Renting,src/app/[...sourcePath]/page.tsx,True
/nosotros/,"crawl,wordpress-page","corporate,page",NOSOTROS - Prisma Renting,src/app/[...sourcePath]/page.tsx,True
/nuevos-lanzamientos-coches-2021/,"crawl,wordpress-post","post,seo-landing",▷ Los nuevos lanzamientos de coches 2021 | Prisma Renting,src/app/[...sourcePath]/page.tsx,True
/oferta-no-disponible/,"crawl,wordpress-page","page,seo-landing",Página no disponible - Prisma Renting,src/app/[...sourcePath]/page.tsx,True
/ofertas-de-renting/,"crawl,wordpress-page","catalog,page",▷ Ofertas de renting baratas | RENTING BARATO | Prisma Renting,src/app/ofertas-de-renting/[[...slug]]/page.tsx,True
/ofertas-de-renting/200-euros-mes/,"crawl,wordpress-page","catalog,page",▷ Renting 200 euros | Prisma Renting,src/app/ofertas-de-renting/[[...slug]]/page.tsx,True
/ofertas-de-renting/250-euros-mes/,"crawl,wordpress-page","catalog,page",▷ Coches Renting por 250 euros | Prisma Renting,src/app/ofertas-de-renting/[[...slug]]/page.tsx,True
/ofertas-de-renting/300-euros-mes/,"crawl,wordpress-page","catalog,page",▷ Renting 300 euros | Prisma Renting,src/app/ofertas-de-renting/[[...slug]]/page.tsx,True
/ofertas-de-renting/abarth/,"crawl,wordpress-page","catalog,page","▷ Renting Abarth | Particulares, autónomos y empresas ✔️✔️",src/app/ofertas-de-renting/[[...slug]]/page.tsx,True
/ofertas-de-renting/alfa-romeo/,"crawl,wordpress-page","catalog,page",▷ Renting Alfa Romeo | SIN ENTRADA ✔️✔️,src/app/ofertas-de-renting/[[...slug]]/page.tsx,True
/ofertas-de-renting/alfa-romeo/stelvio/,"crawl,wordpress-page","catalog,page",▷ Ofertas de RENTING ALFA ROMEO STELVIO | SIN ENTRADA ✔️✔️,src/app/ofertas-de-renting/[[...slug]]/page.tsx,True
/ofertas-de-renting/aston-martin/,"crawl,wordpress-page","catalog,page","▷ Renting Aston Martin | Particulares, autónomos y empresas ✔️",src/app/ofertas-de-renting/[[...slug]]/page.tsx,True
/ofertas-de-renting/audi/,"crawl,wordpress-page","catalog,page","▷ Renting Audi | Particulares, autónomos y empresas ✔️✔️",src/app/ofertas-de-renting/[[...slug]]/page.tsx,True
/ofertas-de-renting/audi/a1/,"crawl,wordpress-page","catalog,page",▷ Ofertas de RENTING AUDI A1 | SIN ENTRADA ✔️✔️,src/app/ofertas-de-renting/[[...slug]]/page.tsx,True
/ofertas-de-renting/audi/a4/,"crawl,wordpress-page","catalog,page",▷ Ofertas de RENTING AUDI A4 | SIN ENTRADA ✔️✔️,src/app/ofertas-de-renting/[[...slug]]/page.tsx,True
/ofertas-de-renting/audi/q2/,"crawl,wordpress-page","catalog,page",▷ Ofertas de RENTING AUDI Q2 | SIN ENTRADA ✔️✔️,src/app/ofertas-de-renting/[[...slug]]/page.tsx,True
/ofertas-de-renting/audi/q3/,"crawl,wordpress-page","catalog,page",▷ Ofertas de RENTING AUDI Q3 | SIN ENTRADA ✔️✔️,src/app/ofertas-de-renting/[[...slug]]/page.tsx,True
/ofertas-de-renting/audi/q5/,"crawl,wordpress-page","catalog,page",▷ Ofertas de RENTING AUDI Q3 | SIN ENTRADA ✔️✔️,src/app/ofertas-de-renting/[[...slug]]/page.tsx,True
/ofertas-de-renting/bentley/,"crawl,wordpress-page","catalog,page","▷ Renting Bentley | Particulares, autónomos y empresas ✔️",src/app/ofertas-de-renting/[[...slug]]/page.tsx,True
/ofertas-de-renting/bmw/,"crawl,wordpress-page","catalog,page","▷ Renting BMW | Particulares, autónomos y empresas ✔️✔️",src/app/ofertas-de-renting/[[...slug]]/page.tsx,True
/ofertas-de-renting/bmw/ix3/,"crawl,wordpress-page","catalog,page",▷ Ofertas de RENTING BMW IX3 | SIN ENTRADA ✔️✔️,src/app/ofertas-de-renting/[[...slug]]/page.tsx,True
/ofertas-de-renting/bmw/serie-1/,"crawl,wordpress-page","catalog,page",▷ Ofertas de RENTING BMW SERIE 1 | SIN ENTRADA ✔️✔️,src/app/ofertas-de-renting/[[...slug]]/page.tsx,True
/ofertas-de-renting/bmw/serie-2/,"crawl,wordpress-page","catalog,page",▷ Ofertas de RENTING BMW SERIE 2 | SIN ENTRADA ✔️✔️,src/app/ofertas-de-renting/[[...slug]]/page.tsx,True
/ofertas-de-renting/bmw/serie-4/,"crawl,wordpress-page","catalog,page",▷ Ofertas de RENTING BMW SERIE 4 | SIN ENTRADA ✔️✔️,src/app/ofertas-de-renting/[[...slug]]/page.tsx,True
/ofertas-de-renting/bmw/x1/,"crawl,wordpress-page","catalog,page",▷ Ofertas de RENTING BMW X1 | SIN ENTRADA ✔️✔️,src/app/ofertas-de-renting/[[...slug]]/page.tsx,True
/ofertas-de-renting/bmw/x2/,"crawl,wordpress-page","catalog,page",▷ Ofertas de RENTING BMW X2 | SIN ENTRADA ✔️✔️,src/app/ofertas-de-renting/[[...slug]]/page.tsx,True
/ofertas-de-renting/bmw/x3/,"crawl,wordpress-page","catalog,page",▷ Ofertas de RENTING BMW X3 | SIN ENTRADA ✔✔,src/app/ofertas-de-renting/[[...slug]]/page.tsx,True
/ofertas-de-renting/bmw/x4/,"crawl,wordpress-page","catalog,page",▷ Ofertas de RENTING BMW X4 | SIN ENTRADA ✔️✔️,src/app/ofertas-de-renting/[[...slug]]/page.tsx,True
/ofertas-de-renting/bmw/x5/,"crawl,wordpress-page","catalog,page",▷ Ofertas de RENTING BMW X5 | SIN ENTRADA ✔️✔️,src/app/ofertas-de-renting/[[...slug]]/page.tsx,True
/ofertas-de-renting/citroen/,"crawl,wordpress-page","catalog,page","▷ RENTING CITROEN | Particulares, autónomos y empresas ✔️✔️",src/app/ofertas-de-renting/[[...slug]]/page.tsx,True
/ofertas-de-renting/citroen/berlingo/,"crawl,wordpress-page","catalog,page",▷ Ofertas de RENTING CITROEN BERLINGO | SIN ENTRADA ✔️✔️,src/app/ofertas-de-renting/[[...slug]]/page.tsx,True
/ofertas-de-renting/citroen/c3-aircross/,"crawl,wordpress-page","catalog,page",▷ Ofertas de RENTING CITROEN C3 AIRCROSS | SIN ENTRADA ✔️✔️,src/app/ofertas-de-renting/[[...slug]]/page.tsx,True
/ofertas-de-renting/citroen/c3/,"crawl,wordpress-page","catalog,page",▷ Ofertas de RENTING CITROEN C3 | SIN ENTRADA ✔️✔️,src/app/ofertas-de-renting/[[...slug]]/page.tsx,True
/ofertas-de-renting/citroen/c4/,"crawl,wordpress-page","catalog,page",▷ Ofertas de RENTING CITROEN C4 | SIN ENTRADA ✔️✔️,src/app/ofertas-de-renting/[[...slug]]/page.tsx,True
/ofertas-de-renting/citroen/c5-x/,"crawl,wordpress-page","catalog,page",▷ Ofertas de RENTING CITROEN C5 X | SIN ENTRADA ✔️✔️,src/app/ofertas-de-renting/[[...slug]]/page.tsx,True
/ofertas-de-renting/citroen/c5/,"crawl,wordpress-page","catalog,page",▷ Ofertas de RENTING CITROEN C5 AIRCROSS | SIN ENTRADA ✔️✔️,src/app/ofertas-de-renting/[[...slug]]/page.tsx,True
/ofertas-de-renting/citroen/jumpy/,"crawl,wordpress-page","catalog,page",▷ Ofertas de RENTING CITROEN JUMPY | SIN ENTRADA ✔️✔️,src/app/ofertas-de-renting/[[...slug]]/page.tsx,True
/ofertas-de-renting/cupra/,"crawl,wordpress-page","catalog,page","▷ RENTING CUPRA | Particulares, autónomos y empresas ✔️✔️",src/app/ofertas-de-renting/[[...slug]]/page.tsx,True
/ofertas-de-renting/cupra/formentor/,"crawl,wordpress-page","catalog,page",▷ Ofertas de RENTING CUPRA FORMENTOR | SIN ENTRADA ✔️✔️,src/app/ofertas-de-renting/[[...slug]]/page.tsx,True
/ofertas-de-renting/dacia/,"crawl,wordpress-page","catalog,page","▷ Renting Dacia | Particulares, autónomos y empresas ✔️",src/app/ofertas-de-renting/[[...slug]]/page.tsx,True
/ofertas-de-renting/ds/,"crawl,wordpress-page","catalog,page","▷ RENTING DS | Particulares, autónomos y empresas ✔️✔️",src/app/ofertas-de-renting/[[...slug]]/page.tsx,True
/ofertas-de-renting/ds/3-2/,"crawl,wordpress-page","catalog,page",▷ Ofertas de RENTING DS 3 | SIN ENTRADA ✔️✔️,src/app/ofertas-de-renting/[[...slug]]/page.tsx,True
/ofertas-de-renting/ds/4-2/,"crawl,wordpress-page","catalog,page",▷ Ofertas de RENTING DS 3 | SIN ENTRADA ✔️✔️,src/app/ofertas-de-renting/[[...slug]]/page.tsx,True
/ofertas-de-renting/ds/7-2/,"crawl,wordpress-page","catalog,page",▷ Ofertas de RENTING DS 7 | SIN ENTRADA ✔️✔️,src/app/ofertas-de-renting/[[...slug]]/page.tsx,True
/ofertas-de-renting/ds/9-2/,"crawl,wordpress-page","catalog,page",▷ Ofertas de RENTING DS 9 | SIN ENTRADA ✔️✔️,src/app/ofertas-de-renting/[[...slug]]/page.tsx,True
/ofertas-de-renting/fiat/,"crawl,wordpress-page","catalog,page","▷ RENTING FIAT | Particulares, autónomos y empresas ✔️✔️",src/app/ofertas-de-renting/[[...slug]]/page.tsx,True
/ofertas-de-renting/fiat/500-2/,"crawl,wordpress-page","catalog,page",▷ Ofertas de RENTING FIAT 500 | SIN ENTRADA ✔️✔️,src/app/ofertas-de-renting/[[...slug]]/page.tsx,True
/ofertas-de-renting/fiat/500l/,"crawl,wordpress-page","catalog,page",▷ Ofertas de RENTING FIAT 500L | SIN ENTRADA ✔️✔️,src/app/ofertas-de-renting/[[...slug]]/page.tsx,True
/ofertas-de-renting/fiat/doblo-cargo/,"crawl,wordpress-page","catalog,page",▷ Ofertas de RENTING FIAT DOBLO CARGO | SIN ENTRADA ✔️✔️,src/app/ofertas-de-renting/[[...slug]]/page.tsx,True
/ofertas-de-renting/fiat/ducato/,"crawl,wordpress-page","catalog,page",▷ Ofertas de RENTING FIAT DUCATO | SIN ENTRADA ✔️✔️,src/app/ofertas-de-renting/[[...slug]]/page.tsx,True
/ofertas-de-renting/fiat/fiorino/,"crawl,wordpress-page","catalog,page",▷ Ofertas de RENTING FIAT FIORINO | SIN ENTRADA ✔️✔️,src/app/ofertas-de-renting/[[...slug]]/page.tsx,True
/ofertas-de-renting/fiat/scudo/,"crawl,wordpress-page","catalog,page",▷ Ofertas de RENTING FIAT SCUDO | SIN ENTRADA ✔️✔️,src/app/ofertas-de-renting/[[...slug]]/page.tsx,True
/ofertas-de-renting/fiat/talento/,"crawl,wordpress-page","catalog,page",▷ Ofertas de RENTING FIAT TALENTO | SIN ENTRADA ✔️✔️,src/app/ofertas-de-renting/[[...slug]]/page.tsx,True
/ofertas-de-renting/fiat/tipo/,"crawl,wordpress-page","catalog,page",▷ Ofertas de RENTING FIAT TIPO | SIN ENTRADA ✔️✔️,src/app/ofertas-de-renting/[[...slug]]/page.tsx,True
/ofertas-de-renting/ford/,"crawl,wordpress-page","catalog,page","▷ RENTING FORD | Particulares, autónomos y empresas ✔️✔️",src/app/ofertas-de-renting/[[...slug]]/page.tsx,True
/ofertas-de-renting/ford/fiesta/,"crawl,wordpress-page","catalog,page",▷ Ofertas de RENTING FORD FIESTA | SIN ENTRADA ✔️✔️,src/app/ofertas-de-renting/[[...slug]]/page.tsx,True
/ofertas-de-renting/ford/focus/,"crawl,wordpress-page","catalog,page",▷ Ofertas de RENTING FORD FOCUS | SIN ENTRADA ✔️✔️,src/app/ofertas-de-renting/[[...slug]]/page.tsx,True
/ofertas-de-renting/ford/kuga/,"crawl,wordpress-page","catalog,page",▷ Ofertas de RENTING FORD KUGA | SIN ENTRADA ✔️✔️,src/app/ofertas-de-renting/[[...slug]]/page.tsx,True
/ofertas-de-renting/ford/puma/,"crawl,wordpress-page","catalog,page",▷ Ofertas de RENTING FORD PUMA | SIN ENTRADA ✔️✔️,src/app/ofertas-de-renting/[[...slug]]/page.tsx,True
/ofertas-de-renting/ford/transit-courier-van/,"crawl,wordpress-page","catalog,page",▷ RENTING FORD TRANSIT COURIER VAN | SIN ENTRADA ✔️✔️,src/app/ofertas-de-renting/[[...slug]]/page.tsx,True
/ofertas-de-renting/ford/transit-tf-350/,"crawl,wordpress-page","catalog,page",▷ Ofertas de RENTING FORD TRANSIT TF350 | SIN ENTRADA ✔️✔️,src/app/ofertas-de-renting/[[...slug]]/page.tsx,True
/ofertas-de-renting/honda/,"crawl,wordpress-page","catalog,page","▷ Renting Honda | Particulares, autónomos y empresas ✔️✔️",src/app/ofertas-de-renting/[[...slug]]/page.tsx,True
/ofertas-de-renting/hyundai-2/,"crawl,wordpress-page","catalog,page",▷ Oferta de RENTING HYUNDAI | Todo incluido | SIN ENTRADA ✔️✔️,src/app/ofertas-de-renting/[[...slug]]/page.tsx,True
/ofertas-de-renting/hyundai-2/bayon/,"crawl,wordpress-page","catalog,page",▷ Ofertas de RENTING HYUNDAI I30 | SIN ENTRADA ✔️✔️,src/app/ofertas-de-renting/[[...slug]]/page.tsx,True
/ofertas-de-renting/hyundai-2/i20/,"crawl,wordpress-page","catalog,page",▷ Ofertas de RENTING HYUNDAI I20 | SIN ENTRADA ✔️✔️,src/app/ofertas-de-renting/[[...slug]]/page.tsx,True
/ofertas-de-renting/hyundai-2/kona/,"crawl,wordpress-page","catalog,page",▷ Ofertas de RENTING HYUNDAI KONA | SIN ENTRADA ✔️✔️,src/app/ofertas-de-renting/[[...slug]]/page.tsx,True
/ofertas-de-renting/hyundai-2/pagina-del-hyundai-i30/,"crawl,wordpress-page","catalog,page",▷ Ofertas de RENTING HYUNDAI I30 | SIN ENTRADA ✔️✔️,src/app/ofertas-de-renting/[[...slug]]/page.tsx,True
/ofertas-de-renting/hyundai-2/tucson/,"crawl,wordpress-page","catalog,page",▷ Ofertas de RENTING HYUNDAI Tucson | SIN ENTRADA ✔️✔️,src/app/ofertas-de-renting/[[...slug]]/page.tsx,True
/ofertas-de-renting/hyundai/bayon/hyundai-bayon-2/,"crawl,woocommerce","active-vehicle,vehicle",▷ RENTING HYUNDAI BAYON para particulares | Desde 340€,src/app/ofertas-de-renting/[[...slug]]/page.tsx,True
/ofertas-de-renting/hyundai/i20/hyundai-i20/,"crawl,woocommerce","active-vehicle,vehicle",▷ RENTING HYUNDAI I20 para particulares | Desde 307 €/mes ✔️✔️,src/app/ofertas-de-renting/[[...slug]]/page.tsx,True
/ofertas-de-renting/hyundai/i30/hyundai-i30/,"crawl,woocommerce","active-vehicle,vehicle",▷ RENTING HYUNDAI I30 para particulares | Desde 330 €/mes ✔️✔️,src/app/ofertas-de-renting/[[...slug]]/page.tsx,True
/ofertas-de-renting/hyundai/kona/hyundai-kona/,"crawl,woocommerce","active-vehicle,vehicle",▷ RENTING HYUNDAI KONA para particulares | Desde 409 €/mes ✔️✔️,src/app/ofertas-de-renting/[[...slug]]/page.tsx,True
/ofertas-de-renting/hyundai/tucson/hyundai-tucson/,"crawl,woocommerce","active-vehicle,vehicle",▷ RENTING HYUNDAI TUCSON para particulares | Desde 415€,src/app/ofertas-de-renting/[[...slug]]/page.tsx,True
/ofertas-de-renting/jaguar/,"crawl,wordpress-page","catalog,page","▷ Renting Jaguar | Particulares, autónomos y empresas ✔️",src/app/ofertas-de-renting/[[...slug]]/page.tsx,True
/ofertas-de-renting/jeep/,"crawl,wordpress-page","catalog,page","▷ RENTING JEEP | Particulares, autónomos y empresas ✔️✔️",src/app/ofertas-de-renting/[[...slug]]/page.tsx,True
/ofertas-de-renting/jeep/compass/,"crawl,wordpress-page","catalog,page",▷ Ofertas de RENTING JEEP COMPASS | SIN ENTRADA ✔️✔️,src/app/ofertas-de-renting/[[...slug]]/page.tsx,True
/ofertas-de-renting/jeep/compass/jeep-compass-2/,crawl,vehicle,▷ Renting JEEP COMPASS para particulares | Desde 437€/mes ✔️✔️,src/app/ofertas-de-renting/[[...slug]]/page.tsx,True
/ofertas-de-renting/jeep/compass/jeep-compass-3/,crawl,vehicle,"▷ RENTING JEEP COMPASS para particulares | Desde 361,9834711 €/mes ✔️✔️",src/app/ofertas-de-renting/[[...slug]]/page.tsx,True
/ofertas-de-renting/jeep/compass/jeep-compass-4/,crawl,vehicle,▷ RENTING JEEP COMPASS para particulares | Desde 0 €/mes ✔️✔️,src/app/ofertas-de-renting/[[...slug]]/page.tsx,True
/ofertas-de-renting/jeep/compass/jeep-compass-5/,"crawl,woocommerce","active-vehicle,vehicle",▷ RENTING JEEP COMPASS para particulares | Desde 600€/mes ✔️✔️,src/app/ofertas-de-renting/[[...slug]]/page.tsx,True
/ofertas-de-renting/jeep/compass/jeep-compass-6/,"crawl,woocommerce","active-vehicle,vehicle",▷ RENTING JEEP COMPASS para particulares | Desde 437 €/mes ✔️✔️,src/app/ofertas-de-renting/[[...slug]]/page.tsx,True
/ofertas-de-renting/jeep/compass/jeep-compass/,crawl,vehicle,▷ Renting JEEP COMPASS para particulares | Desde 363 €/mes ✔️✔️,src/app/ofertas-de-renting/[[...slug]]/page.tsx,True
/ofertas-de-renting/jeep/wrangler/,"crawl,wordpress-page","catalog,page",▷ Ofertas de RENTING JEEP WRANGLER | SIN ENTRADA ✔️✔️,src/app/ofertas-de-renting/[[...slug]]/page.tsx,True
/ofertas-de-renting/jeep/wrangler/jeep-wrangler/,"crawl,woocommerce","active-vehicle,vehicle",▷ RENTING JEEP WRANGLER particulares | Desde 1243 €/mes ✔️✔️,src/app/ofertas-de-renting/[[...slug]]/page.tsx,True
/ofertas-de-renting/kia/,"crawl,wordpress-page","catalog,page","▷ RENTING KIA | Particulares, autónomos y empresas ✔️✔️",src/app/ofertas-de-renting/[[...slug]]/page.tsx,True
/ofertas-de-renting/kia/ceed/,"crawl,wordpress-page","catalog,page",▷ Ofertas de RENTING KIA CEED | SIN ENTRADA ✔️✔️,src/app/ofertas-de-renting/[[...slug]]/page.tsx,True
/ofertas-de-renting/kia/ceed/kia-ceed-2/,crawl,vehicle,▷ Renting KIA CEED para particulares | Desde 273 €/mes ✔️✔️,src/app/ofertas-de-renting/[[...slug]]/page.tsx,True
/ofertas-de-renting/kia/ceed/kia-ceed-3/,"crawl,woocommerce","active-vehicle,vehicle",▷ RENTING KIA CEED para particulares | Desde 348 €/mes ✔️✔️,src/app/ofertas-de-renting/[[...slug]]/page.tsx,True
/ofertas-de-renting/kia/ceed/kia-ceed/,crawl,vehicle,▷ Renting KIA CEED para particulares | Desde 268 €/mes ✔️✔️,src/app/ofertas-de-renting/[[...slug]]/page.tsx,True
/ofertas-de-renting/kia/new-sportage/,"crawl,wordpress-page","catalog,page",▷ Ofertas de RENTING KIA NEW SPORTAGE | SIN ENTRADA ✔️✔️,src/app/ofertas-de-renting/[[...slug]]/page.tsx,True
/ofertas-de-renting/kia/new-sportage/kia-new-sportage-2022-2/,crawl,vehicle,▷ RENTING KIA NEW SPORTAGE para particulares | Desde 438€ ✔️✔️,src/app/ofertas-de-renting/[[...slug]]/page.tsx,True
/ofertas-de-renting/kia/new-sportage/kia-new-sportage-2022/,"crawl,woocommerce","active-vehicle,vehicle",▷ RENTING KIA NEW SPORTAGE para particulares | Desde 383 €,src/app/ofertas-de-renting/[[...slug]]/page.tsx,True
/ofertas-de-renting/kia/niro/,"crawl,wordpress-page","catalog,page",▷ Ofertas de RENTING KIA NIRO | SIN ENTRADA ✔️✔️,src/app/ofertas-de-renting/[[...slug]]/page.tsx,True
/ofertas-de-renting/kia/niro/kia-niro-2/,crawl,vehicle,▷ Renting KIA NIRO para particulares | Desde 339 €/mes ✔️✔️,src/app/ofertas-de-renting/[[...slug]]/page.tsx,True
/ofertas-de-renting/kia/niro/kia-niro-3/,"crawl,woocommerce","active-vehicle,vehicle",▷ RENTING KIA NIRO para particulares | Desde 428 €/mes ✔️✔️,src/app/ofertas-de-renting/[[...slug]]/page.tsx,True
/ofertas-de-renting/kia/niro/kia-niro-4/,"crawl,woocommerce","active-vehicle,vehicle",▷ RENTING KIA NIRO para particulares | Desde 428 €/mes ✔️✔️,src/app/ofertas-de-renting/[[...slug]]/page.tsx,True
/ofertas-de-renting/kia/niro/kia-niro/,crawl,vehicle,▷ Renting KIA NIRO para particulares | Desde 434 €/mes ✔️✔️,src/app/ofertas-de-renting/[[...slug]]/page.tsx,True
/ofertas-de-renting/kia/picanto/,"crawl,wordpress-page","catalog,page",▷ Ofertas de RENTING KIA PICANTO | SIN ENTRADA ✔️✔️,src/app/ofertas-de-renting/[[...slug]]/page.tsx,True
/ofertas-de-renting/kia/picanto/kia-picanto-2/,crawl,vehicle,▷ RENTING KIA PICANTO para particulares | Desde 250 €/mes ✔️✔️,src/app/ofertas-de-renting/[[...slug]]/page.tsx,True
/ofertas-de-renting/kia/picanto/kia-picanto/,"crawl,woocommerce","active-vehicle,vehicle",▷ Renting KIA PICANTO para particulares | Desde 250 €/mes ✔️✔️,src/app/ofertas-de-renting/[[...slug]]/page.tsx,True
/ofertas-de-renting/kia/sportage/,"crawl,wordpress-page","catalog,page",▷ Ofertas de RENTING KIA SPORTAGE | SIN ENTRADA ✔️✔️,src/app/ofertas-de-renting/[[...slug]]/page.tsx,True
/ofertas-de-renting/kia/sportage/kia-sportage-3/,crawl,vehicle,▷ RENTING KIA SPORTAGE para particulares | Desde 301 €/mes ✔️✔️,src/app/ofertas-de-renting/[[...slug]]/page.tsx,True
/ofertas-de-renting/kia/sportage/kia-sportage-5/,crawl,vehicle,▷ RENTING KIA SPORTAGE para particulares | Desde 331 €/mes ✔️✔️,src/app/ofertas-de-renting/[[...slug]]/page.tsx,True
/ofertas-de-renting/kia/sportage/kia-sportage/,crawl,vehicle,▷ RENTING KIA SPORTAGE para particulares | Desde 369 €/mes ✔️✔️,src/app/ofertas-de-renting/[[...slug]]/page.tsx,True
/ofertas-de-renting/kia/stonic/,"crawl,wordpress-page","catalog,page",▷ Ofertas de RENTING KIA STONIC | SIN ENTRADA ✔️✔️,src/app/ofertas-de-renting/[[...slug]]/page.tsx,True
/ofertas-de-renting/kia/stonic/kia-stonic-10/,crawl,vehicle,▷ RENTING KIA STONIC para particulares | Desde 268 €/mes ✔️✔️,src/app/ofertas-de-renting/[[...slug]]/page.tsx,True
/ofertas-de-renting/kia/stonic/kia-stonic-11/,crawl,vehicle,▷ RENTING KIA STONIC para particulares | Desde 237 €/mes ✔️✔️,src/app/ofertas-de-renting/[[...slug]]/page.tsx,True
/ofertas-de-renting/kia/stonic/kia-stonic-2/,crawl,vehicle,▷ Renting KIA STONIC para particulares | Desde 280 €/mes ✔️✔️,src/app/ofertas-de-renting/[[...slug]]/page.tsx,True
/ofertas-de-renting/kia/stonic/kia-stonic-3/,crawl,vehicle,▷ RENTING para particulares | Desde 0 €/mes ✔️✔️,src/app/ofertas-de-renting/[[...slug]]/page.tsx,True
/ofertas-de-renting/kia/stonic/kia-stonic-4/,crawl,vehicle,▷ RENTING KIA STONIC para particulares | Desde 279 €/mes ✔️✔️,src/app/ofertas-de-renting/[[...slug]]/page.tsx,True
/ofertas-de-renting/kia/stonic/kia-stonic-6/,"crawl,woocommerce","active-vehicle,vehicle",▷ RENTING KIA STONIC para particulares | Desde 306 €/mes ✔️✔️,src/app/ofertas-de-renting/[[...slug]]/page.tsx,True
/ofertas-de-renting/kia/stonic/kia-stonic-8/,crawl,vehicle,▷ RENTING KIA STONIC para particulares | Desde 253 €/mes ✔️✔️,src/app/ofertas-de-renting/[[...slug]]/page.tsx,True
/ofertas-de-renting/kia/stonic/kia-stonic-9/,crawl,vehicle,▷ RENTING KIA STONIC para particulares | Desde 270 €/mes ✔️✔️,src/app/ofertas-de-renting/[[...slug]]/page.tsx,True
/ofertas-de-renting/kia/stonic/kia-stonic/,crawl,vehicle,▷ Renting KIA STONIC para particulares | Desde 229 €/mes ✔️✔️,src/app/ofertas-de-renting/[[...slug]]/page.tsx,True
/ofertas-de-renting/kia/xceed/,"crawl,wordpress-page","catalog,page",▷ Ofertas de RENTING KIA XCEED | SIN ENTRADA ✔️✔️,src/app/ofertas-de-renting/[[...slug]]/page.tsx,True
/ofertas-de-renting/kia/xceed/kia-xceed-4/,crawl,vehicle,▷ Renting KIA XCEED para particulares | Desde 305 €/mes ✔️✔️,src/app/ofertas-de-renting/[[...slug]]/page.tsx,True
/ofertas-de-renting/kia/xceed/kia-xceed-5/,crawl,vehicle,▷ Renting KIA XCEED para particulares | Desde 401 €/mes ✔️✔️,src/app/ofertas-de-renting/[[...slug]]/page.tsx,True
/ofertas-de-renting/kia/xceed/kia-xceed-6/,crawl,vehicle,▷ RENTING KIA XCEED para particulares | Desde 360 €/mes ✔️✔️,src/app/ofertas-de-renting/[[...slug]]/page.tsx,True
/ofertas-de-renting/kia/xceed/kia-xceed-7/,"crawl,woocommerce","active-vehicle,vehicle",▷ RENTING KIA XCEED para particulares | Desde 360 €/mes ✔️✔️,src/app/ofertas-de-renting/[[...slug]]/page.tsx,True
/ofertas-de-renting/lamborghini/,"crawl,wordpress-page","catalog,page","▷ Renting Lamborghini | Particulares, autónomos y empresas ✔️",src/app/ofertas-de-renting/[[...slug]]/page.tsx,True
/ofertas-de-renting/land-rover/,"crawl,wordpress-page","catalog,page","▷ Renting Land Rover | Particulares, autónomos y empresas ✔️",src/app/ofertas-de-renting/[[...slug]]/page.tsx,True
/ofertas-de-renting/lexus/,"crawl,wordpress-page","catalog,page","▷ RENTING LEXUS | Particulares, autónomos y empresas ✔️✔️",src/app/ofertas-de-renting/[[...slug]]/page.tsx,True
/ofertas-de-renting/lexus/nx/,"crawl,wordpress-page","catalog,page",▷ Ofertas de RENTING LEXUS UX | SIN ENTRADA ✔️✔️,src/app/ofertas-de-renting/[[...slug]]/page.tsx,True
/ofertas-de-renting/lexus/nx/lexus-nx/,"crawl,woocommerce","active-vehicle,vehicle",▷ RENTING LEXUS NX para particulares | Desde 761 €/mes ✔️✔️,src/app/ofertas-de-renting/[[...slug]]/page.tsx,True
/ofertas-de-renting/lexus/ux/,"crawl,wordpress-page","catalog,page",▷ Ofertas de RENTING LEXUS UX | SIN ENTRADA ✔️✔️,src/app/ofertas-de-renting/[[...slug]]/page.tsx,True
/ofertas-de-renting/lexus/ux/lexus-ux-2/,crawl,vehicle,▷ Renting LEXUS UX para particulares | Desde 348 €/mes ✔️✔️,src/app/ofertas-de-renting/[[...slug]]/page.tsx,True
/ofertas-de-renting/lexus/ux/lexus-ux-3/,crawl,vehicle,▷ RENTING LEXUS UX para particulares | Desde 354 €/mes ✔️✔️,src/app/ofertas-de-renting/[[...slug]]/page.tsx,True
/ofertas-de-renting/lexus/ux/lexus-ux-4/,crawl,vehicle,▷ RENTING LEXUS UX para particulares | Desde 387 €/mes ✔️✔️,src/app/ofertas-de-renting/[[...slug]]/page.tsx,True
/ofertas-de-renting/lexus/ux/lexus-ux-5/,"crawl,woocommerce","active-vehicle,vehicle",▷ RENTING LEXUS UX para particulares | Desde 573 €/mes ✔️✔️,src/app/ofertas-de-renting/[[...slug]]/page.tsx,True
/ofertas-de-renting/lexus/ux/lexus-ux/,crawl,vehicle,▷ Renting LEXUS UX para particulares | Desde 345 €/mes ✔️✔️,src/app/ofertas-de-renting/[[...slug]]/page.tsx,True
/ofertas-de-renting/marcas-de-renting/alfa-romeo/alfa-romeo-stelvio/,"crawl,woocommerce","active-vehicle,vehicle",▷ RENTING ALFA ROMEO STELVIO para particulares | Desde 579€,src/app/ofertas-de-renting/[[...slug]]/page.tsx,True
/ofertas-de-renting/marcas-de-renting/audi/audi-a1-2/,"crawl,woocommerce","active-vehicle,vehicle",▷ RENTING AUDI A1 para particulares | Desde 320 €/mes ✔️✔️,src/app/ofertas-de-renting/[[...slug]]/page.tsx,True
/ofertas-de-renting/marcas-de-renting/audi/audi-a1/,crawl,vehicle,▷ RENTING AUDI A1 para particulares | Desde 361 €/mes ✔️✔️,src/app/ofertas-de-renting/[[...slug]]/page.tsx,True
/ofertas-de-renting/marcas-de-renting/audi/audi-a4/,"crawl,woocommerce","active-vehicle,vehicle",▷ RENTING AUDI A4 para particulares | Desde 578 €/mes ✔️✔️,src/app/ofertas-de-renting/[[...slug]]/page.tsx,True
/ofertas-de-renting/marcas-de-renting/audi/audi-q2-2/,crawl,vehicle,▷ RENTING AUDI Q2 para particulares | Desde 390 €/mes ✔️✔️,src/app/ofertas-de-renting/[[...slug]]/page.tsx,True
/ofertas-de-renting/marcas-de-renting/audi/audi-q2/,"crawl,woocommerce","active-vehicle,vehicle",▷ RENTING AUDI Q2 para particulares | Desde 321 €/mes ✔️✔️,src/app/ofertas-de-renting/[[...slug]]/page.tsx,True
/ofertas-de-renting/marcas-de-renting/audi/audi-q3-2/,crawl,vehicle,▷ RENTING AUDI Q3 Sportback Advanced | PRISMA RENTING,src/app/ofertas-de-renting/[[...slug]]/page.tsx,True
/ofertas-de-renting/marcas-de-renting/audi/audi-q3-3/,"crawl,woocommerce","active-vehicle,vehicle",▷ RENTING AUDI Q3 para particulares | Desde 461 €/mes ✔️✔️,src/app/ofertas-de-renting/[[...slug]]/page.tsx,True
/ofertas-de-renting/marcas-de-renting/audi/audi-q3-4/,crawl,vehicle,▷ RENTING AUDI Q3 para particulares | Desde 466 €/mes ✔️✔️,src/app/ofertas-de-renting/[[...slug]]/page.tsx,True
/ofertas-de-renting/marcas-de-renting/audi/audi-q3/,crawl,vehicle,▷ Renting AUDI Q3 para particulares | Desde 487 €/mes ✔️✔️,src/app/ofertas-de-renting/[[...slug]]/page.tsx,True
/ofertas-de-renting/marcas-de-renting/audi/audi-q5-2/,"crawl,woocommerce","active-vehicle,vehicle",▷ RENTING AUDI Q5 para particulares | Desde 623 €/mes ✔️✔️,src/app/ofertas-de-renting/[[...slug]]/page.tsx,True
/ofertas-de-renting/marcas-de-renting/audi/audi-q5-3/,crawl,vehicle,▷ RENTING AUDI Q5 para particulares | Desde 618 €/mes ✔️✔️,src/app/ofertas-de-renting/[[...slug]]/page.tsx,True
/ofertas-de-renting/marcas-de-renting/audi/audi-q5-4/,"crawl,woocommerce","active-vehicle,vehicle",▷ RENTING AUDI Q5 para particulares | Desde 664 €/mes ✔️✔️,src/app/ofertas-de-renting/[[...slug]]/page.tsx,True
/ofertas-de-renting/marcas-de-renting/audi/audi-q5/,crawl,vehicle,▷ Renting AUDI Q5 para particulares | Desde 608 €/mes ✔️✔️,src/app/ofertas-de-renting/[[...slug]]/page.tsx,True
/ofertas-de-renting/marcas-de-renting/bmw/bmw-ix3-80kwh/,"crawl,woocommerce","active-vehicle,vehicle",▷ Renting BMW iX3 para particulares | Desde 880 €/mes ✔️✔️,src/app/ofertas-de-renting/[[...slug]]/page.tsx,True
/ofertas-de-renting/marcas-de-renting/bmw/bmw-serie-1-116d/,crawl,vehicle,▷ RENTING BMW Serie 1 | RENTING SIN ENTRADA | PRISMA RENTING,src/app/ofertas-de-renting/[[...slug]]/page.tsx,True
/ofertas-de-renting/marcas-de-renting/bmw/bmw-serie-1/,"crawl,woocommerce","active-vehicle,vehicle",▷ Renting BMW SERIE 1 para particulares | Desde 410 €/mes ✔️✔️,src/app/ofertas-de-renting/[[...slug]]/page.tsx,True
/ofertas-de-renting/marcas-de-renting/bmw/bmw-serie-2-2/,crawl,vehicle,▷ Renting BMW SERIE 2 para particulares | Desde 325 €/mes ✔️✔️,src/app/ofertas-de-renting/[[...slug]]/page.tsx,True
/ofertas-de-renting/marcas-de-renting/bmw/bmw-serie-2-218i-gran-coupe/,crawl,vehicle,▷ RENTING BMW Serie 2 | RENTING SIN ENTRADA | PRISMA RENTING,src/app/ofertas-de-renting/[[...slug]]/page.tsx,True
/ofertas-de-renting/marcas-de-renting/bmw/bmw-serie-2-3/,"crawl,woocommerce","active-vehicle,vehicle",▷ RENTING BMW SERIE 2 para particulares | Desde 455 €/mes ✔️✔️,src/app/ofertas-de-renting/[[...slug]]/page.tsx,True
/ofertas-de-renting/marcas-de-renting/bmw/bmw-serie-2/,crawl,vehicle,▷ Renting BMW SERIE 2 diesel | Desde 364 €/mes ✔️✔️,src/app/ofertas-de-renting/[[...slug]]/page.tsx,True
/ofertas-de-renting/marcas-de-renting/bmw/bmw-serie-4/,"crawl,woocommerce","active-vehicle,vehicle",▷ RENTING BMW SERIE 4 para particulares | Desde 681 €/mes ✔️✔️,src/app/ofertas-de-renting/[[...slug]]/page.tsx,True
/ofertas-de-renting/marcas-de-renting/bmw/bmw-x1-2/,crawl,vehicle,▷ Renting BMW X1 para particulares | Desde 407 €/mes ✔️✔️,src/app/ofertas-de-renting/[[...slug]]/page.tsx,True
/ofertas-de-renting/marcas-de-renting/bmw/bmw-x1-3/,crawl,vehicle,▷ RENTING BMW X1 para particulares | Desde 407 €/mes ✔️✔️,src/app/ofertas-de-renting/[[...slug]]/page.tsx,True
/ofertas-de-renting/marcas-de-renting/bmw/bmw-x1-4/,"crawl,woocommerce","active-vehicle,vehicle",▷ RENTING BMW X1 para particulares | Desde 540 €/mes ✔️✔️,src/app/ofertas-de-renting/[[...slug]]/page.tsx,True
/ofertas-de-renting/marcas-de-renting/bmw/bmw-x1-xdrive-25e/,crawl,vehicle,▷ RENTING BMW X1 | RENTING SIN ENTRADA | PRISMA RENTING,src/app/ofertas-de-renting/[[...slug]]/page.tsx,True
/ofertas-de-renting/marcas-de-renting/bmw/bmw-x1/,crawl,vehicle,▷ RENTING BMW X1 | RENTING SIN ENTRADA | PRISMA RENTING,src/app/ofertas-de-renting/[[...slug]]/page.tsx,True
/ofertas-de-renting/marcas-de-renting/bmw/bmw-x2-2/,"crawl,woocommerce","active-vehicle,vehicle",▷ RENTING BMW X2 para particulares | Desde 575 €/mes ✔️✔️,src/app/ofertas-de-renting/[[...slug]]/page.tsx,True
/ofertas-de-renting/marcas-de-renting/bmw/bmw-x2/,crawl,vehicle,▷ Renting BMW X2 para particulares | Desde 416 €/mes ✔️✔️,src/app/ofertas-de-renting/[[...slug]]/page.tsx,True
/ofertas-de-renting/marcas-de-renting/bmw/bmw-x3/,"crawl,woocommerce","active-vehicle,vehicle",▷ RENTING BMW X3 para particulares | Desde 624 €/mes ✔️✔️,src/app/ofertas-de-renting/[[...slug]]/page.tsx,True
/ofertas-de-renting/marcas-de-renting/bmw/bmw-x4/,"crawl,woocommerce","active-vehicle,vehicle",▷ Renting BMW X4 para particulares | Desde 790 €/mes ✔️✔️,src/app/ofertas-de-renting/[[...slug]]/page.tsx,True
/ofertas-de-renting/marcas-de-renting/bmw/bmw-x5/,"crawl,woocommerce","active-vehicle,vehicle",▷ RENTING BMW X5 para particulares | Desde 1040 €/mes ✔️✔️,src/app/ofertas-de-renting/[[...slug]]/page.tsx,True
/ofertas-de-renting/marcas-de-renting/citroen/citroen-berlingo-2/,"crawl,woocommerce","active-vehicle,vehicle",▷ RENTING CITROEN BERLINGO para particulares | Desde 277€,src/app/ofertas-de-renting/[[...slug]]/page.tsx,True
/ofertas-de-renting/marcas-de-renting/citroen/citroen-berlingo/,crawl,vehicle,▷ Renting CITROEN BERLINGO empresas | Desde 231 €/mes ✔️✔️,src/app/ofertas-de-renting/[[...slug]]/page.tsx,True
/ofertas-de-renting/marcas-de-renting/citroen/citroen-c3-2/,crawl,vehicle,▷ Renting CITROEN C3 para particulares | Desde 250 €/mes ✔️✔️,src/app/ofertas-de-renting/[[...slug]]/page.tsx,True
/ofertas-de-renting/marcas-de-renting/citroen/citroen-c3-3/,crawl,vehicle,▷ RENTING CITROEN C3 para particulares | Desde 252 €/mes ✔️✔️,src/app/ofertas-de-renting/[[...slug]]/page.tsx,True
/ofertas-de-renting/marcas-de-renting/citroen/citroen-c3-4/,crawl,vehicle,▷ RENTING CITROEN C3 para particulares | Desde 255 €/mes ✔️✔️,src/app/ofertas-de-renting/[[...slug]]/page.tsx,True
/ofertas-de-renting/marcas-de-renting/citroen/citroen-c3-5/,crawl,vehicle,▷ RENTING CITROEN C3 para particulares | Desde 247 €/mes ✔️✔️,src/app/ofertas-de-renting/[[...slug]]/page.tsx,True
/ofertas-de-renting/marcas-de-renting/citroen/citroen-c3-6/,crawl,vehicle,▷ RENTING CITROEN C3 para particulares | Desde 275 €/mes ✔️✔️,src/app/ofertas-de-renting/[[...slug]]/page.tsx,True
/ofertas-de-renting/marcas-de-renting/citroen/citroen-c3-7/,"crawl,woocommerce","active-vehicle,vehicle",▷ RENTING CITROEN C3 para particulares | Desde 275 €/mes ✔️✔️,src/app/ofertas-de-renting/[[...slug]]/page.tsx,True
/ofertas-de-renting/marcas-de-renting/citroen/citroen-c3-aircross-2/,crawl,vehicle,▷ RENTING CITROEN C3 AIRCROSS para particulares | Desde 255 €/mes ✔️✔️,src/app/ofertas-de-renting/[[...slug]]/page.tsx,True
/ofertas-de-renting/marcas-de-renting/citroen/citroen-c3-aircross-4/,"crawl,woocommerce","active-vehicle,vehicle",▷ RENTING CITROEN C3 AIRCROSS | Desde 243€,src/app/ofertas-de-renting/[[...slug]]/page.tsx,True
/ofertas-de-renting/marcas-de-renting/citroen/citroen-c3-aircross/,crawl,vehicle,▷ RENTING CITROEN C3 Aircross | SIN ENTRADA | PRISMA RENTING,src/app/ofertas-de-renting/[[...slug]]/page.tsx,True
/ofertas-de-renting/marcas-de-renting/citroen/citroen-c3/,crawl,vehicle,▷ RENTING CITROEN C3 | RENTING SIN ENTRADA | PRISMA RENTING,src/app/ofertas-de-renting/[[...slug]]/page.tsx,True
/ofertas-de-renting/marcas-de-renting/citroen/citroen-c4-2/,crawl,vehicle,▷ RENTING CITROEN C4 para particulares | Desde 281 €/mes ✔️✔️,src/app/ofertas-de-renting/[[...slug]]/page.tsx,True
/ofertas-de-renting/marcas-de-renting/citroen/citroen-c4-3/,"crawl,woocommerce","active-vehicle,vehicle",▷ RENTING CITROEN C4 para particulares | Desde 391 €/mes ✔️✔️,src/app/ofertas-de-renting/[[...slug]]/page.tsx,True
/ofertas-de-renting/marcas-de-renting/citroen/citroen-c4-4/,crawl,vehicle,▷ RENTING CITROEN C4 para particulares | Desde 279 €/mes ✔️✔️,src/app/ofertas-de-renting/[[...slug]]/page.tsx,True
/ofertas-de-renting/marcas-de-renting/citroen/citroen-c4-5/,crawl,vehicle,▷ RENTING CITROEN C4 para particulares | Desde 285 €/mes ✔️✔️,src/app/ofertas-de-renting/[[...slug]]/page.tsx,True
/ofertas-de-renting/marcas-de-renting/citroen/citroen-c4-6/,crawl,vehicle,▷ RENTING CITROEN C4 para particulares | Desde 286 €/mes ✔️✔️,src/app/ofertas-de-renting/[[...slug]]/page.tsx,True
/ofertas-de-renting/marcas-de-renting/citroen/citroen-c4-7/,crawl,vehicle,▷ RENTING CITROEN C4 para particulares | Desde 336 €/mes ✔️✔️,src/app/ofertas-de-renting/[[...slug]]/page.tsx,True
/ofertas-de-renting/marcas-de-renting/citroen/citroen-c4/,crawl,vehicle,▷ Renting CITROEN C4 para particulares | Desde 295 €/mes ✔️✔️,src/app/ofertas-de-renting/[[...slug]]/page.tsx,True
/ofertas-de-renting/marcas-de-renting/citroen/citroen-c5-aircross-2/,"crawl,woocommerce","active-vehicle,vehicle",▷ RENTING CITROEN C5 AIRCROSS para particulares | Desde 458 €,src/app/ofertas-de-renting/[[...slug]]/page.tsx,True
/ofertas-de-renting/marcas-de-renting/citroen/citroen-c5-aircross-hybrid-2/,crawl,vehicle,▷ RENTING CITROEN C5 Aircross Hybrid | PRISMA RENTING,src/app/ofertas-de-renting/[[...slug]]/page.tsx,True
/ofertas-de-renting/marcas-de-renting/citroen/citroen-c5-aircross-hybrid/,crawl,vehicle,▷ RENTING CITROEN C5 Aircross Hybrid | RENTING SIN ENTRADA | PRISMA RENTING,src/app/ofertas-de-renting/[[...slug]]/page.tsx,True
/ofertas-de-renting/marcas-de-renting/citroen/citroen-c5-aircross/,"crawl,woocommerce","active-vehicle,vehicle",▷ RENTING CITROEN C5 AIRCROSS para particulares | Desde 576€,src/app/ofertas-de-renting/[[...slug]]/page.tsx,True
/ofertas-de-renting/marcas-de-renting/citroen/citroen-c5-x-2/,"crawl,woocommerce","active-vehicle,vehicle",▷ RENTING CITROEN C5 X para particulares | Desde 604 €/mes ✔️✔️,src/app/ofertas-de-renting/[[...slug]]/page.tsx,True
/ofertas-de-renting/marcas-de-renting/citroen/citroen-c5-x/,"crawl,woocommerce","active-vehicle,vehicle",▷ RENTING CITROEN C5 X para particulares | Desde 342 €/mes ✔️✔️,src/app/ofertas-de-renting/[[...slug]]/page.tsx,True
/ofertas-de-renting/marcas-de-renting/citroen/citroen-jumpy-talla-m-bluehdi-ss-control/,"crawl,woocommerce","active-vehicle,vehicle",▷ Renting CITROEN JUMPY para empresas | Desde 488 €/mes ✔️✔️,src/app/ofertas-de-renting/[[...slug]]/page.tsx,True
/ofertas-de-renting/marcas-de-renting/cupra/cupra-formentor-2/,"crawl,woocommerce","active-vehicle,vehicle",▷ RENTING CUPRA FORMENTOR | Desde 363 €/mes ✔️✔️,src/app/ofertas-de-renting/[[...slug]]/page.tsx,True
/ofertas-de-renting/marcas-de-renting/cupra/cupra-formentor/,crawl,vehicle,▷ Renting CUPRA FORMENTOR para particulares | Desde 365 €/mes ✔️,src/app/ofertas-de-renting/[[...slug]]/page.tsx,True
/ofertas-de-renting/marcas-de-renting/ds/ds-3-crossback/,"crawl,woocommerce","active-vehicle,vehicle",▷ Renting DS 3 para particulares | Desde 466 €/mes ✔️✔️,src/app/ofertas-de-renting/[[...slug]]/page.tsx,True
/ofertas-de-renting/marcas-de-renting/ds/ds-4/,"crawl,woocommerce","active-vehicle,vehicle",▷ RENTING DS 4 para particulares | Desde 603 €/mes ✔️✔️,src/app/ofertas-de-renting/[[...slug]]/page.tsx,True
/ofertas-de-renting/marcas-de-renting/ds/ds-7-2/,"crawl,woocommerce","active-vehicle,vehicle",▷ RENTING DS 7 para particulares | Desde 645 €/mes ✔️✔️,src/app/ofertas-de-renting/[[...slug]]/page.tsx,True
/ofertas-de-renting/marcas-de-renting/ds/ds-7-crossback-2/,crawl,vehicle,▷ Renting DS 7 para particulares | Desde 442 €/mes ✔️✔️,src/app/ofertas-de-renting/[[...slug]]/page.tsx,True
/ofertas-de-renting/marcas-de-renting/ds/ds-7-crossback-3/,crawl,vehicle,▷ Renting DS 7 para particulares | Desde 510 €/mes ✔️✔️,src/app/ofertas-de-renting/[[...slug]]/page.tsx,True
/ofertas-de-renting/marcas-de-renting/ds/ds-7-crossback-diesel/,crawl,vehicle,▷ Renting DS 7 para particulares | Desde 378 €/mes ✔️✔️,src/app/ofertas-de-renting/[[...slug]]/page.tsx,True
/ofertas-de-renting/marcas-de-renting/ds/ds-7-crossback-hibrido/,crawl,vehicle,▷ Renting DS 7 para particulares | Desde 465 €/mes ✔️✔️,src/app/ofertas-de-renting/[[...slug]]/page.tsx,True
/ofertas-de-renting/marcas-de-renting/ds/ds-7-crossback/,crawl,vehicle,▷ Renting DS 7 para particulares | Desde 478 €/mes ✔️✔️,src/app/ofertas-de-renting/[[...slug]]/page.tsx,True
/ofertas-de-renting/marcas-de-renting/ds/ds-7/,"crawl,woocommerce","active-vehicle,vehicle",▷ Renting DS 7 para particulares | Desde 510 €/mes ✔️✔️,src/app/ofertas-de-renting/[[...slug]]/page.tsx,True
/ofertas-de-renting/marcas-de-renting/ds/ds-9/,"crawl,woocommerce","active-vehicle,vehicle",▷ RENTING DS 9 para particulares | Desde 837 €/mes ✔️✔️,src/app/ofertas-de-renting/[[...slug]]/page.tsx,True
/ofertas-de-renting/marcas-de-renting/fiat/fiat-500-2/,crawl,vehicle,▷ Renting FIAT 500 para particulares | Desde 475 €/mes ✔️✔️,src/app/ofertas-de-renting/[[...slug]]/page.tsx,True
/ofertas-de-renting/marcas-de-renting/fiat/fiat-500-3/,crawl,vehicle,▷ RENTING FIAT 500 para particulares | Desde 230 €/mes ✔️✔️,src/app/ofertas-de-renting/[[...slug]]/page.tsx,True
/ofertas-de-renting/marcas-de-renting/fiat/fiat-500-4/,"crawl,woocommerce","active-vehicle,vehicle",▷ RENTING FIAT 500 para particulares | Desde 253 €/mes ✔️✔️,src/app/ofertas-de-renting/[[...slug]]/page.tsx,True
/ofertas-de-renting/marcas-de-renting/fiat/fiat-500-cult/,crawl,vehicle,▷ Renting FIAT 500 para particulares | Desde 180 €/mes ✔️✔️,src/app/ofertas-de-renting/[[...slug]]/page.tsx,True
/ofertas-de-renting/marcas-de-renting/fiat/fiat-500-sport/,crawl,vehicle,▷ Renting FIAT 500 para particulares | Desde 188 €/mes ✔️✔️,src/app/ofertas-de-renting/[[...slug]]/page.tsx,True
/ofertas-de-renting/marcas-de-renting/fiat/fiat-500/,"crawl,woocommerce","active-vehicle,vehicle",▷ RENTING FIAT 500 para particulares | Desde 227€/mes ✔️✔️,src/app/ofertas-de-renting/[[...slug]]/page.tsx,True
/ofertas-de-renting/marcas-de-renting/fiat/fiat-500l-2/,crawl,vehicle,▷ RENTING FIAT 500L para particulares | Desde 0 €/mes ✔️✔️,src/app/ofertas-de-renting/[[...slug]]/page.tsx,True
/ofertas-de-renting/marcas-de-renting/fiat/fiat-500l/,crawl,vehicle,▷ RENTING FIAT 500L para particulares | Desde 0 €/mes ✔️✔️,src/app/ofertas-de-renting/[[...slug]]/page.tsx,True
/ofertas-de-renting/marcas-de-renting/fiat/fiat-doblo-cargo-2/,crawl,vehicle,▷ Renting FIAT DOBLO CARGO particulares | Desde 310 €/mes ✔️✔️,src/app/ofertas-de-renting/[[...slug]]/page.tsx,True
/ofertas-de-renting/marcas-de-renting/fiat/fiat-doblo-cargo-3/,"crawl,woocommerce","active-vehicle,vehicle",▷ RENTING FIAT DOBLO CARGO para particulares ✔️✔️,src/app/ofertas-de-renting/[[...slug]]/page.tsx,True
/ofertas-de-renting/marcas-de-renting/fiat/fiat-doblo-cargo/,crawl,vehicle,▷ Renting FIAT DOBLO CARGO | Desde 336 €/mes ✔️✔️,src/app/ofertas-de-renting/[[...slug]]/page.tsx,True
/ofertas-de-renting/marcas-de-renting/fiat/fiat-fiorino-2/,"crawl,woocommerce","active-vehicle,vehicle",▷ RENTING FIAT FIORINO para particulares | Desde 334 €/mes ✔️✔️,src/app/ofertas-de-renting/[[...slug]]/page.tsx,True
/ofertas-de-renting/marcas-de-renting/fiat/fiat-scudo/,"crawl,woocommerce","active-vehicle,vehicle",▷ RENTING FIAT SCUDO para particulares | Desde 420 €/mes ✔️✔️,src/app/ofertas-de-renting/[[...slug]]/page.tsx,True
/ofertas-de-renting/marcas-de-renting/fiat/fiat-tipo-2/,crawl,vehicle,▷ Renting FIAT TIPO para particulares | Desde 300 €/mes ✔️✔️,src/app/ofertas-de-renting/[[...slug]]/page.tsx,True
/ofertas-de-renting/marcas-de-renting/fiat/fiat-tipo-3/,crawl,vehicle,▷ Renting FIAT TIPO para particulares | Desde 255 €/mes ✔️✔️,src/app/ofertas-de-renting/[[...slug]]/page.tsx,True
/ofertas-de-renting/marcas-de-renting/fiat/fiat-tipo-4/,"crawl,woocommerce","active-vehicle,vehicle",▷ Renting FIAT TIPO para particulares | Desde 373 €/mes ✔️✔️,src/app/ofertas-de-renting/[[...slug]]/page.tsx,True
/ofertas-de-renting/marcas-de-renting/fiat/fiat-tipo/,crawl,vehicle,▷ Renting FIAT TIPO para particulares | Desde 293 €/mes ✔️✔️,src/app/ofertas-de-renting/[[...slug]]/page.tsx,True
/ofertas-de-renting/marcas-de-renting/ford/1-1-ti-vct-55kw-75cv-trend-5p/,crawl,vehicle,▷ Renting FORD FIESTA para particulares | Desde 223 €/mes ✔️✔️,src/app/ofertas-de-renting/[[...slug]]/page.tsx,True
/ofertas-de-renting/marcas-de-renting/ford/ford-fiesta-2/,crawl,vehicle,▷ Renting FORD FIESTA para particulares | Desde 226 €/mes ✔️✔️,src/app/ofertas-de-renting/[[...slug]]/page.tsx,True
/ofertas-de-renting/marcas-de-renting/ford/ford-fiesta-3/,"crawl,woocommerce","active-vehicle,vehicle",▷ Renting FORD FIESTA para particulares | Desde 333 €/mes ✔️✔️,src/app/ofertas-de-renting/[[...slug]]/page.tsx,True
/ofertas-de-renting/marcas-de-renting/ford/ford-fiesta/,crawl,vehicle,▷ Renting FORD FIESTA para particulares | Desde 245 €/mes ✔️✔️,src/app/ofertas-de-renting/[[...slug]]/page.tsx,True
/ofertas-de-renting/marcas-de-renting/ford/ford-focus-2/,crawl,vehicle,▷ Renting FORD FOCUS para particulares | Desde 273 €/mes ✔️✔️,src/app/ofertas-de-renting/[[...slug]]/page.tsx,True
/ofertas-de-renting/marcas-de-renting/ford/ford-focus-3/,crawl,vehicle,▷ Renting FORD FOCUS para particulares | Desde 275 €/mes ✔️✔️,src/app/ofertas-de-renting/[[...slug]]/page.tsx,True
/ofertas-de-renting/marcas-de-renting/ford/ford-focus-4/,crawl,vehicle,▷ Renting FORD FOCUS para particulares | Desde 290 €/mes ✔️✔️,src/app/ofertas-de-renting/[[...slug]]/page.tsx,True
/ofertas-de-renting/marcas-de-renting/ford/ford-focus-5/,"crawl,woocommerce","active-vehicle,vehicle",▷ RENTING FORD FOCUS para particulares | Desde 433 €/mes ✔️✔️,src/app/ofertas-de-renting/[[...slug]]/page.tsx,True
/ofertas-de-renting/marcas-de-renting/ford/ford-focus/,crawl,vehicle,▷ Renting FORD FOCUS para particulares | Desde 273 €/mes ✔️✔️,src/app/ofertas-de-renting/[[...slug]]/page.tsx,True
/ofertas-de-renting/marcas-de-renting/ford/ford-kuga/,"crawl,woocommerce","active-vehicle,vehicle",▷ Renting FORD KUGA para particulares | Desde 422 €/mes ✔️✔️,src/app/ofertas-de-renting/[[...slug]]/page.tsx,True
/ofertas-de-renting/marcas-de-renting/ford/ford-puma-2/,crawl,vehicle,▷ Renting FORD PUMA para particulares | Desde 252 €/mes ✔️✔️,src/app/ofertas-de-renting/[[...slug]]/page.tsx,True
/ofertas-de-renting/marcas-de-renting/ford/ford-puma-3/,crawl,vehicle,▷ RENTING FORD PUMA para particulares | Desde 293 €/mes ✔️✔️,src/app/ofertas-de-renting/[[...slug]]/page.tsx,True
/ofertas-de-renting/marcas-de-renting/ford/ford-puma-6/,crawl,vehicle,▷ Renting FORD PUMA para particulares | Desde 253 €/mes ✔️✔️,src/app/ofertas-de-renting/[[...slug]]/page.tsx,True
/ofertas-de-renting/marcas-de-renting/ford/ford-puma-7/,crawl,vehicle,▷ Renting FORD PUMA para particulares | Desde 255 €/mes ✔️✔️,src/app/ofertas-de-renting/[[...slug]]/page.tsx,True
/ofertas-de-renting/marcas-de-renting/ford/ford-puma/,"crawl,woocommerce","active-vehicle,vehicle",▷ RENTING FORD PUMA para particulares | Desde 380 €/mes ✔️✔️,src/app/ofertas-de-renting/[[...slug]]/page.tsx,True
/ofertas-de-renting/marcas-de-renting/ford/ford-transit-tf350-l3h2-van-trend-delantera/,crawl,vehicle,▷ Renting FORD TRANSIT TF350 | Desde 252 €/mes ✔️✔️,src/app/ofertas-de-renting/[[...slug]]/page.tsx,True
/ofertas-de-renting/maserati/,"crawl,wordpress-page","catalog,page","▷ Renting Maserati | Particulares, autónomos y empresas ✔️",src/app/ofertas-de-renting/[[...slug]]/page.tsx,True
/ofertas-de-renting/mazda/,"crawl,wordpress-page","catalog,page",Renting MAZDA - Prisma Renting,src/app/ofertas-de-renting/[[...slug]]/page.tsx,True
/ofertas-de-renting/mazda/3-2/,"crawl,wordpress-page","catalog,page",▷ Ofertas de RENTING MAZDA 3 | SIN ENTRADA ✔️✔️,src/app/ofertas-de-renting/[[...slug]]/page.tsx,True
/ofertas-de-renting/mazda/3-mazda/mazda-3/,"crawl,woocommerce","active-vehicle,vehicle",▷ RENTING MAZDA 3 para particulares | Desde 378 €/mes ✔️✔️,src/app/ofertas-de-renting/[[...slug]]/page.tsx,True
/ofertas-de-renting/mazda/6-2/,"crawl,wordpress-page","catalog,page",▷ Ofertas de RENTING MAZDA 6 | SIN ENTRADA ✔️✔️,src/app/ofertas-de-renting/[[...slug]]/page.tsx,True
/ofertas-de-renting/mazda/6-mazda/mazda-6/,"crawl,woocommerce","active-vehicle,vehicle",▷ RENTING MAZDA 6 para particulares | Desde 490 €/mes ✔️✔️,src/app/ofertas-de-renting/[[...slug]]/page.tsx,True
/ofertas-de-renting/mazda/cx-30-mazda/mazda-cx-30/,"crawl,woocommerce","active-vehicle,vehicle",▷ RENTING MAZDA CX-30 para particulares | Desde 417 €/mes ✔️✔️,src/app/ofertas-de-renting/[[...slug]]/page.tsx,True
/ofertas-de-renting/mazda/cx-30/,"crawl,wordpress-page","catalog,page",▷ Ofertas de RENTING MAZDA CX-30 | SIN ENTRADA ✔️✔️,src/app/ofertas-de-renting/[[...slug]]/page.tsx,True
/ofertas-de-renting/mercedes-benz/,"crawl,wordpress-page","catalog,page","▷ RENTING MERCEDES BENZ | Particulares, autónomos y empresas ✔️",src/app/ofertas-de-renting/[[...slug]]/page.tsx,True
/ofertas-de-renting/mercedes-benz/citan/,"crawl,wordpress-page","catalog,page",▷ Ofertas de RENTING MERCEDES BENZ CITAN | SIN ENTRADA ✔️✔️,src/app/ofertas-de-renting/[[...slug]]/page.tsx,True
/ofertas-de-renting/mercedes-benz/clase-a/,"crawl,wordpress-page","catalog,page",▷ RENTING MERCEDES BENZ CLASE A | SIN ENTRADA ✔️✔️,src/app/ofertas-de-renting/[[...slug]]/page.tsx,True
/ofertas-de-renting/mercedes-benz/clase-v/,"crawl,wordpress-page","catalog,page",▷ RENTING MERCEDES BENZ CLASE V | SIN ENTRADA ✔️✔️,src/app/ofertas-de-renting/[[...slug]]/page.tsx,True
/ofertas-de-renting/mercedes-benz/eqb/,"crawl,wordpress-page","catalog,page",▷ RENTING MERCEDES BENZ EQB | SIN ENTRADA ✔️✔️,src/app/ofertas-de-renting/[[...slug]]/page.tsx,True
/ofertas-de-renting/mercedes-benz/eqv/,"crawl,wordpress-page","catalog,page",▷ Ofertas de RENTING MERCEDES BENZ EQV | SIN ENTRADA ✔️✔️,src/app/ofertas-de-renting/[[...slug]]/page.tsx,True
/ofertas-de-renting/mercedes-benz/gla/,"crawl,wordpress-page","catalog,page",▷ Ofertas de RENTING MERCEDES BENZ GLA | SIN ENTRADA ✔️✔️,src/app/ofertas-de-renting/[[...slug]]/page.tsx,True
/ofertas-de-renting/mercedes-benz/glb/,"crawl,wordpress-page","catalog,page",▷ Ofertas de RENTING MERCEDES BENZ GLB | SIN ENTRADA ✔️✔️,src/app/ofertas-de-renting/[[...slug]]/page.tsx,True
/ofertas-de-renting/mercedes-benz/glc/,"crawl,wordpress-page","catalog,page",▷ Ofertas de RENTING MERCEDES BENZ GLC | SIN ENTRADA ✔️✔️,src/app/ofertas-de-renting/[[...slug]]/page.tsx,True
/ofertas-de-renting/mercedez-benz/citan/mercedes-benz-citan/,"crawl,woocommerce","active-vehicle,vehicle",▷ RENTING MERCEDES-BENZ CITAN para particulares | 453 €/mes ✔,src/app/ofertas-de-renting/[[...slug]]/page.tsx,True
/ofertas-de-renting/mercedez-benz/clase-a/mercedes-benz-clase-a-2/,crawl,vehicle,▷ Renting MERCEDES BENZ CLASE A | Desde 427 €/mes ✔️✔️,src/app/ofertas-de-renting/[[...slug]]/page.tsx,True
/ofertas-de-renting/mercedez-benz/clase-a/mercedes-benz-clase-a/,"crawl,woocommerce","active-vehicle,vehicle",▷ Renting MERCEDES BENZ CLASE A | Desde 650 €/mes ✔️✔️,src/app/ofertas-de-renting/[[...slug]]/page.tsx,True
/ofertas-de-renting/mercedez-benz/clase-v/mercedes-benz-clase-v/,"crawl,woocommerce","active-vehicle,vehicle",▷ Renting MERCEDES BENZ CLASE V | Desde 915 €/mes ✔️✔️,src/app/ofertas-de-renting/[[...slug]]/page.tsx,True
/ofertas-de-renting/mercedez-benz/eqb/mercedes-benz-eqb/,"crawl,woocommerce","active-vehicle,vehicle",▷ RENTING MERCEDES-BENZ EQB para particulares | Desde 720 €/mes️,src/app/ofertas-de-renting/[[...slug]]/page.tsx,True
/ofertas-de-renting/mercedez-benz/eqv/mercedes-benz-eqv/,"crawl,woocommerce","active-vehicle,vehicle",▷ Renting MERCEDES BENZ EQV | Desde 1.126 €/mes ✔️✔️,src/app/ofertas-de-renting/[[...slug]]/page.tsx,True
/ofertas-de-renting/mercedez-benz/gla/mercedes-benz-gla/,"crawl,woocommerce","active-vehicle,vehicle",▷ Renting MERCEDES BENZ GLA | Desde 595 €/mes ✔️✔️,src/app/ofertas-de-renting/[[...slug]]/page.tsx,True
/ofertas-de-renting/mercedez-benz/glb/mercedes-benz-glb/,"crawl,woocommerce","active-vehicle,vehicle",▷ Renting MERCEDES BENZ GLB | Desde 580 €/mes ✔️✔️,src/app/ofertas-de-renting/[[...slug]]/page.tsx,True
/ofertas-de-renting/mercedez-benz/glc/mercedes-benz-glc/,"crawl,woocommerce","active-vehicle,vehicle",▷ Renting MERCEDES BENZ GLC | Desde 909 €/mes ✔️✔️,src/app/ofertas-de-renting/[[...slug]]/page.tsx,True
/ofertas-de-renting/mg/,"crawl,wordpress-page","catalog,page",▷ Renting MG | Con todo incluido | SIN ENTRADA ✔️✔️,src/app/ofertas-de-renting/[[...slug]]/page.tsx,True
/ofertas-de-renting/mg/ehs/,"crawl,wordpress-page","catalog,page",▷ Ofertas de RENTING MG EHS | SIN ENTRADA ✔️✔️,src/app/ofertas-de-renting/[[...slug]]/page.tsx,True
/ofertas-de-renting/mg/ehs/mg-ehs/,"crawl,woocommerce","active-vehicle,vehicle",▷ Renting MG EHS para particulares | Desde 499 €/mes ✔️✔️,src/app/ofertas-de-renting/[[...slug]]/page.tsx,True
/ofertas-de-renting/mini/,"crawl,wordpress-page","catalog,page",▷ Oferta de RENTING MINI | Con todo incluido | SIN ENTRADA ✔️✔️,src/app/ofertas-de-renting/[[...slug]]/page.tsx,True
/ofertas-de-renting/mini/cooper/,"crawl,wordpress-page","catalog,page",▷ Ofertas de RENTING MINI COOPER | SIN ENTRADA ✔️✔️,src/app/ofertas-de-renting/[[...slug]]/page.tsx,True
/ofertas-de-renting/mini/cooper/mini-cooper-se/,"crawl,woocommerce","active-vehicle,vehicle",▷ Renting MINI COOPER para particulares | Desde 531 €/mes ✔️✔️,src/app/ofertas-de-renting/[[...slug]]/page.tsx,True
/ofertas-de-renting/mini/cooper/mini-cooper/,"crawl,woocommerce","active-vehicle,vehicle",▷ RENTING MINI COOPER para particulares | Desde 387 €/mes ✔️✔️,src/app/ofertas-de-renting/[[...slug]]/page.tsx,True
/ofertas-de-renting/mini/countryman/,"crawl,wordpress-page","catalog,page",▷ Ofertas de RENTING MINI COUNTRYMAN | SIN ENTRADA ✔️✔️,src/app/ofertas-de-renting/[[...slug]]/page.tsx,True
/ofertas-de-renting/mini/countryman/mini-countryman/,"crawl,woocommerce","active-vehicle,vehicle",▷ RENTING MINI COUNTRYMAN | Desde 431 €/mes ✔️✔️,src/app/ofertas-de-renting/[[...slug]]/page.tsx,True
/ofertas-de-renting/mitsubishi/,"crawl,wordpress-page","catalog,page","▷ Renting Mitsubishi | Particulares, autónomos y empresas ✔️",src/app/ofertas-de-renting/[[...slug]]/page.tsx,True
/ofertas-de-renting/modelo/arona-modelo/seat-arona/,crawl,vehicle,▷ Renting SEAT ARONA para particulares | Desde 226 €/mes ✔️✔️,src/app/ofertas-de-renting/[[...slug]]/page.tsx,True
/ofertas-de-renting/motos/,"crawl,wordpress-page","catalog,page",Renting de Motos al mejor precio | Prisma Renting,src/app/ofertas-de-renting/[[...slug]]/page.tsx,True
/ofertas-de-renting/nissan/,"crawl,wordpress-page","catalog,page","▷ RENTING NISSAN | Particulares, autónomos y empresas ✔️✔️",src/app/ofertas-de-renting/[[...slug]]/page.tsx,True
/ofertas-de-renting/nissan/juke/,"crawl,wordpress-page","catalog,page",▷ Ofertas de RENTING NISSAN JUKE | SIN ENTRADA ✔️✔️,src/app/ofertas-de-renting/[[...slug]]/page.tsx,True
/ofertas-de-renting/nissan/juke/nissan-juke-2/,crawl,vehicle,▷ Renting NISSAN JUKE para particulares | Desde 263 €/mes ✔️✔️,src/app/ofertas-de-renting/[[...slug]]/page.tsx,True
/ofertas-de-renting/nissan/juke/nissan-juke-3/,crawl,vehicle,▷ Renting NISSAN JUKE para particulares | Desde 228 €/mes ✔️✔️,src/app/ofertas-de-renting/[[...slug]]/page.tsx,True
/ofertas-de-renting/nissan/juke/nissan-juke-4/,crawl,vehicle,▷ RENTING NISSAN JUKE para particulares | Desde 271 €/mes ✔️✔️,src/app/ofertas-de-renting/[[...slug]]/page.tsx,True
/ofertas-de-renting/nissan/juke/nissan-juke-5/,"crawl,woocommerce","active-vehicle,vehicle",▷ RENTING NISSAN JUKE para particulares | Desde 268 €/mes ✔️✔️,src/app/ofertas-de-renting/[[...slug]]/page.tsx,True
/ofertas-de-renting/nissan/juke/nissan-juke/,crawl,vehicle,▷ Renting NISSAN JUKE para particulares | Desde 257 €/mes ✔️✔️,src/app/ofertas-de-renting/[[...slug]]/page.tsx,True
/ofertas-de-renting/nissan/leaf/,"crawl,wordpress-page","catalog,page",▷ Ofertas de RENTING NISSAN LEAF | SIN ENTRADA ✔️✔️,src/app/ofertas-de-renting/[[...slug]]/page.tsx,True
/ofertas-de-renting/nissan/leaf/nissan-leaf-acenta-electrico/,"crawl,woocommerce","active-vehicle,vehicle",▷ Renting NISSAN LEAF para particulares | Desde 580 €/mes ✔️✔️,src/app/ofertas-de-renting/[[...slug]]/page.tsx,True
/ofertas-de-renting/nissan/micra/,"crawl,wordpress-page","catalog,page",▷ Ofertas de RENTING NISSAN MICRA | SIN ENTRADA ✔️✔️,src/app/ofertas-de-renting/[[...slug]]/page.tsx,True
/ofertas-de-renting/nissan/micra/nissan-micra-3/,crawl,vehicle,▷ RENTING NISSAN MICRA para particulares | Desde 248 €/mes ✔️✔️,src/app/ofertas-de-renting/[[...slug]]/page.tsx,True
/ofertas-de-renting/nissan/micra/nissan-micra-4/,"crawl,woocommerce","active-vehicle,vehicle",▷ RENTING NISSAN MICRA para particulares | Desde 330 €/mes ✔️✔️,src/app/ofertas-de-renting/[[...slug]]/page.tsx,True
/ofertas-de-renting/nissan/micra/nissan-micra/,crawl,vehicle,▷ Renting NISSAN MICRA para particulares | Desde 216 €/mes ✔️✔️,src/app/ofertas-de-renting/[[...slug]]/page.tsx,True
/ofertas-de-renting/nissan/nv-250/,"crawl,wordpress-page","catalog,page",▷ Ofertas de RENTING NISSAN NV250 | SIN ENTRADA ✔️✔️,src/app/ofertas-de-renting/[[...slug]]/page.tsx,True
/ofertas-de-renting/nissan/nv250/nissan-nv250/,crawl,vehicle,▷ Renting NISSAN NV250 para empresas | Desde 310 €/mes ✔️✔️,src/app/ofertas-de-renting/[[...slug]]/page.tsx,True
/ofertas-de-renting/nissan/qashqai/,"crawl,wordpress-page","catalog,page",▷ Ofertas de RENTING NISSAN QASHQAI | SIN ENTRADA ✔️✔️,src/app/ofertas-de-renting/[[...slug]]/page.tsx,True
/ofertas-de-renting/nissan/qashqai/nissan-qashqai-2/,crawl,vehicle,▷ Renting NISSAN QASHQAI para particulares | Desde 293 €/mes ✔️✔️,src/app/ofertas-de-renting/[[...slug]]/page.tsx,True
/ofertas-de-renting/nissan/qashqai/nissan-qashqai-3/,"crawl,woocommerce","active-vehicle,vehicle",▷ RENTING NISSAN QASHQAI para particulares | Desde 311€,src/app/ofertas-de-renting/[[...slug]]/page.tsx,True
/ofertas-de-renting/nissan/qashqai/nissan-qashqai/,crawl,vehicle,▷ RENTING NISSAN Qashqai | RENTING SIN ENTRADA | PRISMA RENTING,src/app/ofertas-de-renting/[[...slug]]/page.tsx,True
/ofertas-de-renting/opel/,"crawl,wordpress-page","catalog,page",▷ Oferta de RENTING OPEL | Con todo incluido | SIN ENTRADA ✔️✔️,src/app/ofertas-de-renting/[[...slug]]/page.tsx,True
/ofertas-de-renting/opel/combo/,"crawl,wordpress-page","catalog,page",▷ Ofertas de RENTING OPEL COMBO | SIN ENTRADA ✔️✔️,src/app/ofertas-de-renting/[[...slug]]/page.tsx,True
/ofertas-de-renting/opel/combo/opel-combo-2/,"crawl,woocommerce","active-vehicle,vehicle",▷ Renting OPEL COMBO particulares | Desde 343 €/mes ✔️✔️,src/app/ofertas-de-renting/[[...slug]]/page.tsx,True
/ofertas-de-renting/opel/corsa/,"crawl,wordpress-page","catalog,page",▷ Ofertas de RENTING OPEL CORSA | SIN ENTRADA ✔️✔️,src/app/ofertas-de-renting/[[...slug]]/page.tsx,True
/ofertas-de-renting/opel/corsa/opel-corsa-2/,"crawl,woocommerce","active-vehicle,vehicle",▷ RENTING OPEL CORSA para particulares | Desde 244 €/mes ✔️✔️,src/app/ofertas-de-renting/[[...slug]]/page.tsx,True
/ofertas-de-renting/opel/corsa/opel-corsa-3/,crawl,vehicle,▷ Renting OPEL CORSA particulares | Desde 206 €/mes ✔️✔️,src/app/ofertas-de-renting/[[...slug]]/page.tsx,True
/ofertas-de-renting/opel/corsa/opel-corsa/,crawl,vehicle,▷ RENTING OPEL CORSA para particulares | Desde 255 €/mes ✔️✔️,src/app/ofertas-de-renting/[[...slug]]/page.tsx,True
/ofertas-de-renting/opel/grandland/,"crawl,wordpress-page","catalog,page",▷ Ofertas de RENTING OPEL GRANDLAND | SIN ENTRADA ✔️✔️,src/app/ofertas-de-renting/[[...slug]]/page.tsx,True
/ofertas-de-renting/opel/grandland/opel-grandland-2/,crawl,vehicle,▷ Renting OPEL GRANDLAND particulares | Desde 321 €/mes ✔️✔️,src/app/ofertas-de-renting/[[...slug]]/page.tsx,True
/ofertas-de-renting/opel/grandland/opel-grandland/,"crawl,woocommerce","active-vehicle,vehicle",▷ Renting OPEL GRANDLAND particulares | Desde 474 €/mes ✔️✔️,src/app/ofertas-de-renting/[[...slug]]/page.tsx,True
/ofertas-de-renting/opel/mokka-2/opel-mokka/,"crawl,woocommerce","active-vehicle,vehicle",▷ RENTING OPEL MOKKA para particulares | Desde 606 €/mes ✔️✔️,src/app/ofertas-de-renting/[[...slug]]/page.tsx,True
/ofertas-de-renting/opel/mokka/,"crawl,wordpress-page","catalog,page",▷ Ofertas de RENTING OPEL MOKKA | SIN ENTRADA ✔️✔️,src/app/ofertas-de-renting/[[...slug]]/page.tsx,True
/ofertas-de-renting/opel/vivaro-furgon/,"crawl,wordpress-page","catalog,page",▷ Ofertas de RENTING OPEL VIVARO FURGÓN | SIN ENTRADA ✔️✔️,src/app/ofertas-de-renting/[[...slug]]/page.tsx,True
/ofertas-de-renting/opel/vivaro-m/opel-vivaro-furgon-m-std-express/,"crawl,woocommerce","active-vehicle,vehicle",▷ Renting OPEL VIVARO FURGON | Desde 360 €/mes ✔️✔️,src/app/ofertas-de-renting/[[...slug]]/page.tsx,True
/ofertas-de-renting/page/2/,crawl,catalog,▷ Ofertas de renting baratas | RENTING BARATO | Prisma Renting,src/app/ofertas-de-renting/[[...slug]]/page.tsx,True
/ofertas-de-renting/page/3/,crawl,catalog,▷ Ofertas de renting baratas | RENTING BARATO | Prisma Renting,src/app/ofertas-de-renting/[[...slug]]/page.tsx,True
/ofertas-de-renting/page/4/,crawl,catalog,▷ Ofertas de renting baratas | RENTING BARATO | Prisma Renting,src/app/ofertas-de-renting/[[...slug]]/page.tsx,True
/ofertas-de-renting/page/5/,crawl,catalog,▷ Ofertas de renting baratas | RENTING BARATO | Prisma Renting,src/app/ofertas-de-renting/[[...slug]]/page.tsx,True
/ofertas-de-renting/peugeot/,"crawl,wordpress-page","catalog,page",▷ Oferta de RENTING PEUGEOT | Todo incluido | SIN ENTRADA ✔️✔️,src/app/ofertas-de-renting/[[...slug]]/page.tsx,True
/ofertas-de-renting/peugeot/2008-2/,"crawl,wordpress-page","catalog,page",▷ Ofertas de RENTING PEUGEOT 2008 | SIN ENTRADA ✔️✔️,src/app/ofertas-de-renting/[[...slug]]/page.tsx,True
/ofertas-de-renting/peugeot/2008-peugeot/peugeot-2008-2/,crawl,vehicle,▷ Renting PEUGEOT 2008 para particulares | Desde 259 €/mes ✔️✔️,src/app/ofertas-de-renting/[[...slug]]/page.tsx,True
/ofertas-de-renting/peugeot/2008-peugeot/peugeot-2008-3/,crawl,vehicle,▷ RENTING PEUGEOT 2008 para particulares | Desde 358 €/mes ✔️✔️,src/app/ofertas-de-renting/[[...slug]]/page.tsx,True
/ofertas-de-renting/peugeot/2008-peugeot/peugeot-2008-4/,crawl,vehicle,▷ RENTING PEUGEOT 2008 para particulares | Desde 307 €/mes ✔️✔️,src/app/ofertas-de-renting/[[...slug]]/page.tsx,True
/ofertas-de-renting/peugeot/2008-peugeot/peugeot-2008-5/,"crawl,woocommerce","active-vehicle,vehicle",▷ RENTING PEUGEOT 2008 para particulares | Desde 249 €/mes ✔️✔️,src/app/ofertas-de-renting/[[...slug]]/page.tsx,True
/ofertas-de-renting/peugeot/208-2/,"crawl,wordpress-page","catalog,page",▷ Ofertas de RENTING PEUGEOT 208 | SIN ENTRADA ✔️✔️,src/app/ofertas-de-renting/[[...slug]]/page.tsx,True
/ofertas-de-renting/peugeot/208/peugeot-208-2/,"crawl,woocommerce","active-vehicle,vehicle",▷ Renting PEUGEOT 208 para particulares | Desde 231 €/mes ✔️✔️,src/app/ofertas-de-renting/[[...slug]]/page.tsx,True
/ofertas-de-renting/peugeot/208/peugeot-208-3/,crawl,vehicle,▷ RENTING PEUGEOT 208 para particulares | Desde 253 €/mes ✔️✔️,src/app/ofertas-de-renting/[[...slug]]/page.tsx,True
/ofertas-de-renting/peugeot/208/peugeot-208/,crawl,vehicle,▷ Renting PEUGEOT 208 para particulares | Desde 196 €/mes ✔️✔️,src/app/ofertas-de-renting/[[...slug]]/page.tsx,True
/ofertas-de-renting/peugeot/3008-2/,"crawl,wordpress-page","catalog,page",▷ Ofertas de RENTING PEUGEOT 3008 | SIN ENTRADA ✔️✔️,src/app/ofertas-de-renting/[[...slug]]/page.tsx,True
/ofertas-de-renting/peugeot/3008/peugeot-3-008-hybrid/,crawl,vehicle,▷ Renting PEUGEOT 3008 para particulares | Desde 397 €/mes ✔️✔️,src/app/ofertas-de-renting/[[...slug]]/page.tsx,True
/ofertas-de-renting/peugeot/3008/peugeot-3008-3/,crawl,vehicle,▷ Renting PEUGEOT 3008 para particulares | Desde 320 €/mes ✔️✔️,src/app/ofertas-de-renting/[[...slug]]/page.tsx,True
/ofertas-de-renting/peugeot/3008/peugeot-3008-hybrid/,crawl,vehicle,▷ Renting PEUGEOT 3008 para particulares | Desde 397 €/mes ✔️✔️,src/app/ofertas-de-renting/[[...slug]]/page.tsx,True
/ofertas-de-renting/peugeot/3008/peugeot-3008/,"crawl,woocommerce","active-vehicle,vehicle",▷ RENTING PEUGEOT 3008 para particulares | Desde 427 €/mes ✔️✔️,src/app/ofertas-de-renting/[[...slug]]/page.tsx,True
/ofertas-de-renting/peugeot/308-2/,"crawl,wordpress-page","catalog,page",▷ Ofertas de RENTING PEUGEOT 308 | SIN ENTRADA ✔✔,src/app/ofertas-de-renting/[[...slug]]/page.tsx,True
/ofertas-de-renting/peugeot/308-2/peugeot-308/,"crawl,woocommerce","active-vehicle,vehicle",▷ RENTING PEUGEOT 308 para particulares | Desde 430 €/mes ✔️✔️,src/app/ofertas-de-renting/[[...slug]]/page.tsx,True
/ofertas-de-renting/peugeot/5008-2/,"crawl,wordpress-page","catalog,page",▷ Ofertas de RENTING PEUGEOT 5008 | SIN ENTRADA ✔️✔️,src/app/ofertas-de-renting/[[...slug]]/page.tsx,True
/ofertas-de-renting/peugeot/5008/peugeot-5008-3/,"crawl,woocommerce","active-vehicle,vehicle",▷ RENTING PEUGEOT 5008 para particulares | Desde 526 €/mes ✔️✔️,src/app/ofertas-de-renting/[[...slug]]/page.tsx,True
/ofertas-de-renting/peugeot/5008/peugeot-5008/,crawl,vehicle,▷ RENTING PEUGEOT 5008 para particulares | Desde 375 €/mes ✔️✔️,src/app/ofertas-de-renting/[[...slug]]/page.tsx,True
/ofertas-de-renting/peugeot/508-2/,"crawl,wordpress-page","catalog,page",▷ Ofertas de RENTING PEUGEOT 508 | SIN ENTRADA ✔️✔️,src/app/ofertas-de-renting/[[...slug]]/page.tsx,True
/ofertas-de-renting/peugeot/508/peugeot-508/,"crawl,woocommerce","active-vehicle,vehicle",▷ RENTING PEUGEOT 508 para particulares | Desde 454 €/mes ✔️✔️,src/app/ofertas-de-renting/[[...slug]]/page.tsx,True
/ofertas-de-renting/peugeot/e-2008/peugeot-e-2008/,crawl,vehicle,▷ Renting PEUGEOT e-2008 para particulares | Desde 310 €/mes ✔️✔️,src/app/ofertas-de-renting/[[...slug]]/page.tsx,True
/ofertas-de-renting/peugeot/e-208/peugeot-e-208-electric-allure/,"crawl,woocommerce","active-vehicle,vehicle",▷ RENTING PEUGEOT e-208 | SIN ENTRADA | PRISMA RENTING,src/app/ofertas-de-renting/[[...slug]]/page.tsx,True
/ofertas-de-renting/peugeot/partner/,"crawl,wordpress-page","catalog,page",▷ Ofertas de RENTING PEUGEOT PARTNER | SIN ENTRADA ✔️✔️,src/app/ofertas-de-renting/[[...slug]]/page.tsx,True
/ofertas-de-renting/peugeot/partner/peugeot-partner-2/,crawl,vehicle,▷ RENTING PEUGEOT PARTNER | Desde 333 €/mes ✔️✔️,src/app/ofertas-de-renting/[[...slug]]/page.tsx,True
/ofertas-de-renting/peugeot/partner/peugeot-partner-3/,"crawl,woocommerce","active-vehicle,vehicle",▷ RENTING PEUGEOT PARTNER para particulares | Desde 419 €,src/app/ofertas-de-renting/[[...slug]]/page.tsx,True
/ofertas-de-renting/peugeot/partner/peugeot-partner/,crawl,vehicle,▷ Renting PEUGEOT PARTNER particulares | Desde 282 €/mes ✔️✔️,src/app/ofertas-de-renting/[[...slug]]/page.tsx,True
/ofertas-de-renting/peugeot/rifter/,"crawl,wordpress-page","catalog,page",▷ Ofertas de RENTING PEUGEOT RIFTER | SIN ENTRADA ✔️✔️,src/app/ofertas-de-renting/[[...slug]]/page.tsx,True
/ofertas-de-renting/peugeot/rifter/peugeot-rifter-2/,"crawl,woocommerce","active-vehicle,vehicle",▷ RENTING PEUGEOT RIFTER para particulares | Desde 304€ ✔️✔️,src/app/ofertas-de-renting/[[...slug]]/page.tsx,True
/ofertas-de-renting/peugeot/rifter/peugeot-rifter-3/,crawl,vehicle,▷ RENTING PEUGEOT RIFTER para particulares | Desde 306 €/mes ✔️,src/app/ofertas-de-renting/[[...slug]]/page.tsx,True
/ofertas-de-renting/peugeot/rifter/peugeot-rifter/,crawl,vehicle,▷ Renting PEUGEOT RIFTER para particulares | Desde 252 €/mes ✔️✔️,src/app/ofertas-de-renting/[[...slug]]/page.tsx,True
/ofertas-de-renting/polestar/,"crawl,wordpress-page","catalog,page",▷ Oferta de RENTING POLESTAR | SIN ENTRADA ✔️✔️,src/app/ofertas-de-renting/[[...slug]]/page.tsx,True
/ofertas-de-renting/polestar/2-2/,"crawl,wordpress-page","catalog,page",▷ Ofertas de RENTING POLESTAR 2 | SIN ENTRADA ✔️✔️,src/app/ofertas-de-renting/[[...slug]]/page.tsx,True
/ofertas-de-renting/polestar/2/polestar-2/,"crawl,woocommerce","active-vehicle,vehicle",▷ RENTING POLESTAR 2 para particulares | Desde 765 €/mes ✔️✔️,src/app/ofertas-de-renting/[[...slug]]/page.tsx,True
/ofertas-de-renting/porsche/,"crawl,wordpress-page","catalog,page","▷ RENTING PORSCHE | Particulares, autónomos y empresas ✔️✔️",src/app/ofertas-de-renting/[[...slug]]/page.tsx,True
/ofertas-de-renting/porsche/cayenne/,"crawl,wordpress-page","catalog,page",▷ Ofertas de RENTING PORSCHE CAYENNE | SIN ENTRADA ✔️✔️,src/app/ofertas-de-renting/[[...slug]]/page.tsx,True
/ofertas-de-renting/porsche/cayenne/porsche-cayenne-coupe/,"crawl,woocommerce","active-vehicle,vehicle",▷ Renting PORSCHE CAYENNE | Desde 1.550 €/mes ✔️✔️,src/app/ofertas-de-renting/[[...slug]]/page.tsx,True
/ofertas-de-renting/porsche/cayenne/porsche-cayenne/,crawl,vehicle,▷ Renting PORSCHE CAYENNE | Desde 1.450 €/mes ✔️✔️,src/app/ofertas-de-renting/[[...slug]]/page.tsx,True
/ofertas-de-renting/porsche/macan/,"crawl,wordpress-page","catalog,page",▷ Ofertas de RENTING PORSCHE MACAN | SIN ENTRADA ✔️✔️,src/app/ofertas-de-renting/[[...slug]]/page.tsx,True
/ofertas-de-renting/porsche/macan/porsche-macan/,"crawl,woocommerce","active-vehicle,vehicle",▷ Renting PORSCHE MACAN | Desde 1.199 €/mes ✔️✔️,src/app/ofertas-de-renting/[[...slug]]/page.tsx,True
/ofertas-de-renting/porsche/taycan/,"crawl,wordpress-page","catalog,page",▷ Ofertas de RENTING PORSCHE TAYCAN | SIN ENTRADA ✔️✔️,src/app/ofertas-de-renting/[[...slug]]/page.tsx,True
/ofertas-de-renting/porsche/taycan/porsche-taycan-base/,"crawl,woocommerce","active-vehicle,vehicle",▷ Renting PORSCHE TAYCAN BASE | Desde 1.404 €/mes ✔️✔️,src/app/ofertas-de-renting/[[...slug]]/page.tsx,True
/ofertas-de-renting/porsche/taycan/porsche-taycan/,"crawl,woocommerce","active-vehicle,vehicle",▷ Renting PORSCHE TAYCAN | Desde 1.404 €/mes ✔️✔️,src/app/ofertas-de-renting/[[...slug]]/page.tsx,True
/ofertas-de-renting/renault/,"crawl,wordpress-page","catalog,page",▷ RENTING RENAULT | Renting para autónomos y empresas ✔️✔️,src/app/ofertas-de-renting/[[...slug]]/page.tsx,True
/ofertas-de-renting/renault/clio/,"crawl,wordpress-page","catalog,page",▷ Ofertas de RENTING RENAULT CLIO | SIN ENTRADA ✔️✔️,src/app/ofertas-de-renting/[[...slug]]/page.tsx,True
/ofertas-de-renting/renault/clio/renault-clio-3/,"crawl,woocommerce","active-vehicle,vehicle",▷ RENTING RENAULT CLIO para particulares | Desde 289 €/mes ✔️✔️,src/app/ofertas-de-renting/[[...slug]]/page.tsx,True
/ofertas-de-renting/renault/clio/renault-clio/,crawl,vehicle,▷ Renting RENAULT CLIO empresas | Desde 187 €/mes ✔️✔️,src/app/ofertas-de-renting/[[...slug]]/page.tsx,True
/ofertas-de-renting/renault/express/,"crawl,wordpress-page","catalog,page",▷ Ofertas de RENTING RENAULT EXPRESS | SIN ENTRADA ✔️✔️,src/app/ofertas-de-renting/[[...slug]]/page.tsx,True
/ofertas-de-renting/renault/express/renault-express-2/,crawl,vehicle,▷ RENTING RENAULT EXPRESS | Desde 259 €/mes ✔️✔️,src/app/ofertas-de-renting/[[...slug]]/page.tsx,True
/ofertas-de-renting/renault/express/renault-express-3/,"crawl,woocommerce","active-vehicle,vehicle",▷ RENTING RENAULT EXPRESS para particulares | Desde 364€,src/app/ofertas-de-renting/[[...slug]]/page.tsx,True
/ofertas-de-renting/renault/express/renault-express/,crawl,vehicle,▷ Renting RENAULT EXPRESS empresas | Desde 245 €/mes ✔️✔️,src/app/ofertas-de-renting/[[...slug]]/page.tsx,True
/ofertas-de-renting/renault/kangoo-combi/,"crawl,wordpress-page","catalog,page",▷ RENTING RENAULT KANGOO COMBI | SIN ENTRADA ✔️✔️,src/app/ofertas-de-renting/[[...slug]]/page.tsx,True
/ofertas-de-renting/renault/kangoo-combi/renault-kangoo-combi-2/,"crawl,woocommerce","active-vehicle,vehicle",▷ RENTING RENAULT KANGOO COMBI para particulares | Desde 441€,src/app/ofertas-de-renting/[[...slug]]/page.tsx,True
/ofertas-de-renting/renault/kangoo-combi/renault-kangoo-combi/,crawl,vehicle,▷ Renting RENAULT KANGOO COMBI | Desde 255 €/mes ✔️✔️,src/app/ofertas-de-renting/[[...slug]]/page.tsx,True
/ofertas-de-renting/seat/,"crawl,wordpress-page","catalog,page",Renting SEAT - Prisma Renting,src/app/ofertas-de-renting/[[...slug]]/page.tsx,True
/ofertas-de-renting/seat/arona/,"crawl,wordpress-page","catalog,page",▷ Ofertas de RENTING SEAT ARONA | SIN ENTRADA ✔️✔️,src/app/ofertas-de-renting/[[...slug]]/page.tsx,True
/ofertas-de-renting/seat/arona/seat-arona-1-0-tsi-81kw-110cv-style-go2/,crawl,vehicle,▷ Renting SEAT ARONA para particulares | Desde 225 €/mes ✔️✔️,src/app/ofertas-de-renting/[[...slug]]/page.tsx,True
/ofertas-de-renting/seat/arona/seat-arona-2/,crawl,vehicle,▷ Renting SEAT ARONA para particulares | Desde 220 €/mes ✔️✔️,src/app/ofertas-de-renting/[[...slug]]/page.tsx,True
/ofertas-de-renting/seat/arona/seat-arona-3/,crawl,vehicle,▷ RENTING SEAT ARONA para particulares | Desde 258 €/mes ✔️✔️,src/app/ofertas-de-renting/[[...slug]]/page.tsx,True
/ofertas-de-renting/seat/arona/seat-arona-4/,"crawl,woocommerce","active-vehicle,vehicle",▷ RENTING SEAT ARONA para particulares | Desde 239 €/mes ✔️✔️,src/app/ofertas-de-renting/[[...slug]]/page.tsx,True
/ofertas-de-renting/seat/arona/seat-arona-5/,crawl,vehicle,▷ RENTING SEAT ARONA para particulares | Desde 270 €/mes ✔️✔️,src/app/ofertas-de-renting/[[...slug]]/page.tsx,True
/ofertas-de-renting/seat/ateca/,"crawl,wordpress-page","catalog,page",▷ Ofertas de RENTING SEAT ATECA | SIN ENTRADA ✔️✔️,src/app/ofertas-de-renting/[[...slug]]/page.tsx,True
/ofertas-de-renting/seat/ateca/seat-ateca-2/,"crawl,woocommerce","active-vehicle,vehicle",▷ RENTING SEAT ATECA para particulares | Desde 337 €/mes ✔️✔️,src/app/ofertas-de-renting/[[...slug]]/page.tsx,True
/ofertas-de-renting/seat/ateca/seat-ateca/,crawl,vehicle,▷ Renting SEAT ATECA para particulares | Desde 280 €/mes ✔️✔️,src/app/ofertas-de-renting/[[...slug]]/page.tsx,True
/ofertas-de-renting/seat/ibiza-2/seat-ibiza-2/,crawl,vehicle,▷ RENTING SEAT IBIZA para particulares | Desde 264 €/mes ✔️✔️,src/app/ofertas-de-renting/[[...slug]]/page.tsx,True
/ofertas-de-renting/seat/ibiza-2/seat-ibiza/,"crawl,woocommerce","active-vehicle,vehicle",▷ RENTING SEAT IBIZA para particulares | Desde 219 €/mes ✔️✔️,src/app/ofertas-de-renting/[[...slug]]/page.tsx,True
/ofertas-de-renting/seat/ibiza/,"crawl,wordpress-page","catalog,page",▷ Ofertas de RENTING SEAT IBIZA | SIN ENTRADA ✔️✔️,src/app/ofertas-de-renting/[[...slug]]/page.tsx,True
/ofertas-de-renting/seat/leon-seat/seat-leon-2/,"crawl,woocommerce","active-vehicle,vehicle",▷ RENTING SEAT LEÓN para particulares | Desde 385 €/mes ✔️✔️,src/app/ofertas-de-renting/[[...slug]]/page.tsx,True
/ofertas-de-renting/seat/leon-seat/seat-leon-6/,crawl,vehicle,▷ Renting SEAT LEÓN para particulares | Desde 251 €/mes ✔️✔️,src/app/ofertas-de-renting/[[...slug]]/page.tsx,True
/ofertas-de-renting/seat/leon-seat/seat-leon-7/,crawl,vehicle,▷ Renting SEAT LEÓN para particulares | Desde 284 €/mes ✔️✔️,src/app/ofertas-de-renting/[[...slug]]/page.tsx,True
/ofertas-de-renting/seat/leon-seat/seat-leon-8/,crawl,vehicle,▷ Renting SEAT LEÓN para particulares | Desde 242 €/mes ✔️✔️,src/app/ofertas-de-renting/[[...slug]]/page.tsx,True
/ofertas-de-renting/seat/nuevo-leon/,"crawl,wordpress-page","catalog,page",▷ Ofertas de RENTING SEAT LEON | SIN ENTRADA ✔️✔️,src/app/ofertas-de-renting/[[...slug]]/page.tsx,True
/ofertas-de-renting/seat/nuevo-leon/seat-leon/,crawl,vehicle,▷ RENTING SEAT LEÓN para particulares | Desde 295 €/mes ✔️✔️,src/app/ofertas-de-renting/[[...slug]]/page.tsx,True
/ofertas-de-renting/seat/tarraco/,"crawl,wordpress-page","catalog,page",▷ Ofertas de RENTING SEAT TARRACO | SIN ENTRADA ✔️✔️,src/app/ofertas-de-renting/[[...slug]]/page.tsx,True
/ofertas-de-renting/seat/tarraco/seat-tarraco-hibrido/,"crawl,woocommerce","active-vehicle,vehicle",▷ Renting SEAT TARRACO para particulares | Desde 487 €/mes ✔️✔️,src/app/ofertas-de-renting/[[...slug]]/page.tsx,True
/ofertas-de-renting/skoda/,"crawl,wordpress-page","catalog,page","▷ RENTING SKODA | Particulares, autónomos y empresas ✔️✔️",src/app/ofertas-de-renting/[[...slug]]/page.tsx,True
/ofertas-de-renting/skoda/enyaq/,"crawl,wordpress-page","catalog,page",▷ Ofertas de RENTING SKODA ENYAK | SIN ENTRADA ✔️✔️,src/app/ofertas-de-renting/[[...slug]]/page.tsx,True
/ofertas-de-renting/skoda/enyaq/skoda-enyaq/,"crawl,woocommerce","active-vehicle,vehicle",▷ RENTING SKODA ENYAQ para particulares | Desde 623 €/mes ✔️✔️,src/app/ofertas-de-renting/[[...slug]]/page.tsx,True
/ofertas-de-renting/skoda/escala/,"crawl,wordpress-page","catalog,page",▷ Ofertas de RENTING SKODA SCALA | SIN ENTRADA ✔️✔️,src/app/ofertas-de-renting/[[...slug]]/page.tsx,True
/ofertas-de-renting/skoda/kamiq/,"crawl,wordpress-page","catalog,page",▷ Ofertas de RENTING SKODA KAMIQ | SIN ENTRADA ✔️✔️,src/app/ofertas-de-renting/[[...slug]]/page.tsx,True
/ofertas-de-renting/skoda/kamiq/skoda-kamiq-2/,crawl,vehicle,▷ RENTING SKODA KAMIQ para particulares | Desde 296 €/mes ✔️✔️,src/app/ofertas-de-renting/[[...slug]]/page.tsx,True
/ofertas-de-renting/skoda/kamiq/skoda-kamiq-3/,crawl,vehicle,▷ RENTING SKODA KAMIQ para particulares | Desde 331 €/mes ✔️✔️,src/app/ofertas-de-renting/[[...slug]]/page.tsx,True
/ofertas-de-renting/skoda/kamiq/skoda-kamiq-4/,"crawl,woocommerce","active-vehicle,vehicle",▷ RENTING SKODA KAMIQ para particulares | Desde 310 €/mes ✔️✔️,src/app/ofertas-de-renting/[[...slug]]/page.tsx,True
/ofertas-de-renting/skoda/kamiq/skoda-kamiq/,crawl,vehicle,▷ Renting SKODA KAMIQ para particulares | Desde 270 €/mes ✔️✔️,src/app/ofertas-de-renting/[[...slug]]/page.tsx,True
/ofertas-de-renting/skoda/karoq/,"crawl,wordpress-page","catalog,page",▷ Ofertas de RENTING SKODA KAROQ | SIN ENTRADA ✔️✔️,src/app/ofertas-de-renting/[[...slug]]/page.tsx,True
/ofertas-de-renting/skoda/karoq/skoda-karoq-2/,"crawl,woocommerce","active-vehicle,vehicle",▷ RENTING SKODA KAROQ para particulares | Desde 391 €/mes ✔️✔️,src/app/ofertas-de-renting/[[...slug]]/page.tsx,True
/ofertas-de-renting/skoda/karoq/skoda-karoq/,crawl,vehicle,▷ Renting SKODA KAROQ para particulares | Desde 328 €/mes ✔️✔️,src/app/ofertas-de-renting/[[...slug]]/page.tsx,True
/ofertas-de-renting/skoda/kodiaq-2/skoda-kodiaq/,"crawl,woocommerce","active-vehicle,vehicle",▷ RENTING SKODA KODIAQ para particulares | Desde 488 €/mes ✔️✔️,src/app/ofertas-de-renting/[[...slug]]/page.tsx,True
/ofertas-de-renting/skoda/kodiaq/,"crawl,wordpress-page","catalog,page",▷ Ofertas de RENTING SKODA KODIAQ | SIN ENTRADA ✔️✔️,src/app/ofertas-de-renting/[[...slug]]/page.tsx,True
/ofertas-de-renting/skoda/scala/skoda-scala-2/,crawl,vehicle,▷ RENTING SKODA SCALA para particulares | Desde 256 €/mes ✔️✔️,src/app/ofertas-de-renting/[[...slug]]/page.tsx,True
/ofertas-de-renting/skoda/scala/skoda-scala-4/,"crawl,woocommerce","active-vehicle,vehicle",▷ RENTING SKODA SCALA para particulares | Desde 299 €/mes ✔️✔️,src/app/ofertas-de-renting/[[...slug]]/page.tsx,True
/ofertas-de-renting/skoda/scala/skoda-scala/,crawl,vehicle,▷ RENTING SKODA SCALA para particulares | Desde 255 €/mes ✔️✔️,src/app/ofertas-de-renting/[[...slug]]/page.tsx,True
/ofertas-de-renting/smart/,"crawl,wordpress-page","catalog,page","▷ Renting Smart | Particulares, autónomos y empresas ✔️✔️",src/app/ofertas-de-renting/[[...slug]]/page.tsx,True
/ofertas-de-renting/ssangyong/,"crawl,wordpress-page","catalog,page","▷ Renting Ssangyong | Particulares, autónomos y empresas ✔️✔️",src/app/ofertas-de-renting/[[...slug]]/page.tsx,True
/ofertas-de-renting/subaru/,"crawl,wordpress-page","catalog,page","▷ Renting Subaru | Particulares, autónomos y empresas ✔️✔️",src/app/ofertas-de-renting/[[...slug]]/page.tsx,True
/ofertas-de-renting/suzuki/,"crawl,wordpress-page","catalog,page","▷ Renting Suzuki | Particulares, autónomos y empresas ✔️✔️",src/app/ofertas-de-renting/[[...slug]]/page.tsx,True
/ofertas-de-renting/tesla/,"crawl,wordpress-page","catalog,page","▷ Ofertas de RENTING TESLA | Particulares, autónomos y empresas ✔️",src/app/ofertas-de-renting/[[...slug]]/page.tsx,True
/ofertas-de-renting/tesla/model-3/,"crawl,wordpress-page","catalog,page",▷ Ofertas de RENTING TESLA MODEL 3 | SIN ENTRADA ✔️✔️,src/app/ofertas-de-renting/[[...slug]]/page.tsx,True
/ofertas-de-renting/tipo-de-coche/furgonetas/fiat-talento/,crawl,vehicle,▷ Renting FIAT TALENTO para particulares | Desde 296 €/mes ✔️✔️,src/app/ofertas-de-renting/[[...slug]]/page.tsx,True
/ofertas-de-renting/tipo-de-coche/furgonetas/ford-transit-courier-van/,"crawl,woocommerce","active-vehicle,vehicle",▷ Renting FORD TRANSIT COURIER VAN | Desde 317 €/mes ✔️✔️,src/app/ofertas-de-renting/[[...slug]]/page.tsx,True
/ofertas-de-renting/toyota/,"crawl,wordpress-page","catalog,page",▷ Oferta de RENTING TOYOTA | Con todo incluido | SIN ENTRADA ✔️✔️,src/app/ofertas-de-renting/[[...slug]]/page.tsx,True
/ofertas-de-renting/toyota/aygo-x-cross/,"crawl,wordpress-page","catalog,page",▷ Ofertas de RENTING TOYOTA AYGO X CROSS | SIN ENTRADA ✔️✔️,src/app/ofertas-de-renting/[[...slug]]/page.tsx,True
/ofertas-de-renting/toyota/aygo-x-cross/toyota-aygo-x-cross/,"crawl,woocommerce","active-vehicle,vehicle",▷ RENTING TOYOTA AYGO X CROSS | Desde 233€/mes,src/app/ofertas-de-renting/[[...slug]]/page.tsx,True
/ofertas-de-renting/toyota/c-hr/,"crawl,wordpress-page","catalog,page",▷ Ofertas de RENTING TOYOTA CHR | SIN ENTRADA ✔️✔️,src/app/ofertas-de-renting/[[...slug]]/page.tsx,True
/ofertas-de-renting/toyota/c-hr/toyota-c-hr-2/,crawl,vehicle,▷ RENTING TOYOTA C-HR para particulares | Desde 307 €/mes ✔️✔️,src/app/ofertas-de-renting/[[...slug]]/page.tsx,True
/ofertas-de-renting/toyota/c-hr/toyota-c-hr-3/,"crawl,woocommerce","active-vehicle,vehicle",▷ RENTING TOYOTA C-HR para particulares | Desde 364 €/mes ✔️✔️,src/app/ofertas-de-renting/[[...slug]]/page.tsx,True
/ofertas-de-renting/toyota/c-hr/toyota-c-hr/,crawl,vehicle,▷ Renting TOYOTA CHR para particulares | Desde 314 €/mes ✔️✔️,src/app/ofertas-de-renting/[[...slug]]/page.tsx,True
/ofertas-de-renting/toyota/corolla/,"crawl,wordpress-page","catalog,page",▷ Ofertas de RENTING TOYOTA COROLLA | SIN ENTRADA ✔️✔️,src/app/ofertas-de-renting/[[...slug]]/page.tsx,True
/ofertas-de-renting/toyota/corolla/toyota-corolla-15-e-ctv-activetech/,crawl,vehicle,▷ Renting TOYOTA COROLLA para particulares | Desde 309 €/mes ✔️✔️,src/app/ofertas-de-renting/[[...slug]]/page.tsx,True
/ofertas-de-renting/toyota/corolla/toyota-corolla-2/,"crawl,woocommerce","active-vehicle,vehicle",▷ RENTING TOYOTA COROLLA para particulares | Desde 374€,src/app/ofertas-de-renting/[[...slug]]/page.tsx,True
/ofertas-de-renting/toyota/corolla/toyota-corolla/,crawl,vehicle,▷ RENTING TOYOTA COROLLA para particulares | Desde 297 €/mes ✔️✔️,src/app/ofertas-de-renting/[[...slug]]/page.tsx,True
/ofertas-de-renting/toyota/proace-city/,"crawl,wordpress-page","catalog,page",▷ Ofertas de RENTING TOYOTA PROACE CITY | SIN ENTRADA ✔️✔️,src/app/ofertas-de-renting/[[...slug]]/page.tsx,True
/ofertas-de-renting/toyota/proace-city/toyota-proace-city/,"crawl,woocommerce","active-vehicle,vehicle",▷ Renting TOYOTA PROACE CITY empresas | Desde 400 €/mes ✔️✔️,src/app/ofertas-de-renting/[[...slug]]/page.tsx,True
/ofertas-de-renting/toyota/rav4/,"crawl,wordpress-page","catalog,page",▷ Ofertas de RENTING TOYOTA RAV4 | SIN ENTRADA ✔️✔️,src/app/ofertas-de-renting/[[...slug]]/page.tsx,True
/ofertas-de-renting/toyota/rav4/toyota-rav4/,"crawl,woocommerce","active-vehicle,vehicle",▷ Renting TOYOTA RAV4 para particulares | Desde 546 €/mes ✔️✔️,src/app/ofertas-de-renting/[[...slug]]/page.tsx,True
/ofertas-de-renting/toyota/yaris/,"crawl,wordpress-page","catalog,page",▷ Ofertas de RENTING TOYOTA YARIS | SIN ENTRADA ✔️✔️,src/app/ofertas-de-renting/[[...slug]]/page.tsx,True
/ofertas-de-renting/toyota/yaris/toyota-yaris-120h-e-ctv-business-plus/,"crawl,woocommerce","active-vehicle,vehicle",▷ Renting TOYOTA YARIS para particulares | Desde 270 €/mes ✔️✔️,src/app/ofertas-de-renting/[[...slug]]/page.tsx,True
/ofertas-de-renting/volkswagen/,"crawl,wordpress-page","catalog,page","▷ RENTING VOLKSWAGEN | Particulares, autónomos y empresas ✔️✔️",src/app/ofertas-de-renting/[[...slug]]/page.tsx,True
/ofertas-de-renting/volkswagen/arteon/,"crawl,wordpress-page","catalog,page",Página del VOLKSWAGEN Arteon - Prisma Renting,src/app/ofertas-de-renting/[[...slug]]/page.tsx,True
/ofertas-de-renting/volkswagen/arteon/volkswagen-arteon-r-line-tdi-dsg/,"crawl,woocommerce","active-vehicle,vehicle",▷ Renting VOLKSWAGEN ARTEON | Desde 816€/mes ✔️✔️,src/app/ofertas-de-renting/[[...slug]]/page.tsx,True
/ofertas-de-renting/volkswagen/caddy/volkswagen-caddy-2/,crawl,vehicle,▷ RENTING VOLKSWAGEN CADDY para particulares | Desde 344 €/mes ✔️✔️,src/app/ofertas-de-renting/[[...slug]]/page.tsx,True
/ofertas-de-renting/volkswagen/caddy/volkswagen-caddy-3/,"crawl,woocommerce","active-vehicle,vehicle",▷ RENTING VOLKSWAGEN CADDY para particulares | Desde 544€,src/app/ofertas-de-renting/[[...slug]]/page.tsx,True
/ofertas-de-renting/volkswagen/caddy/volkswagen-caddy/,crawl,vehicle,▷ RENTING VOLKSWAGEN CADDY para particulares | Desde 318 €/mes ✔️✔️,src/app/ofertas-de-renting/[[...slug]]/page.tsx,True
/ofertas-de-renting/volkswagen/golf/,"crawl,wordpress-page","catalog,page",▷ RENTING VOLKSWAGEN GOLF | SIN ENTRADA ✔️✔️,src/app/ofertas-de-renting/[[...slug]]/page.tsx,True
/ofertas-de-renting/volkswagen/golf/volkswagen-golf-2/,crawl,vehicle,▷ Renting VOLKSWAGEN GOLF | Desde 302 €/mes ✔️✔️,src/app/ofertas-de-renting/[[...slug]]/page.tsx,True
/ofertas-de-renting/volkswagen/golf/volkswagen-golf/,"crawl,woocommerce","active-vehicle,vehicle",▷ Renting VOLKSWAGEN GOLF | Desde 407 €/mes ✔️✔️,src/app/ofertas-de-renting/[[...slug]]/page.tsx,True
/ofertas-de-renting/volkswagen/polo/,"crawl,wordpress-page","catalog,page",▷ RENTING VOLKSWAGEN POLO | SIN ENTRADA ✔️✔️,src/app/ofertas-de-renting/[[...slug]]/page.tsx,True
/ofertas-de-renting/volkswagen/polo/volkswagen-polo/,"crawl,woocommerce","active-vehicle,vehicle",▷ Renting VOLKSWAGEN POLO | Desde 328 €/mes ✔️✔️,src/app/ofertas-de-renting/[[...slug]]/page.tsx,True
/ofertas-de-renting/volkswagen/t-cross/,"crawl,wordpress-page","catalog,page",▷ Ofertas de RENTING VOLKSWAGEN T CROSS | SIN ENTRADA ✔️✔️,src/app/ofertas-de-renting/[[...slug]]/page.tsx,True
/ofertas-de-renting/volkswagen/t-cross/volkswagen-t-cross/,"crawl,woocommerce","active-vehicle,vehicle",▷ Renting VOLKSWAGEN T-CROSS | Desde 282 €/mes ✔️✔️,src/app/ofertas-de-renting/[[...slug]]/page.tsx,True
/ofertas-de-renting/volkswagen/t-roc/,"crawl,wordpress-page","catalog,page",▷ Ofertas de RENTING VOLKSWAGEN T ROC | SIN ENTRADA ✔️✔️,src/app/ofertas-de-renting/[[...slug]]/page.tsx,True
/ofertas-de-renting/volkswagen/t-roc/volkswagen-t-roc-3/,crawl,vehicle,▷ Renting VOLKSWAGEN T-ROC | Desde 305 €/mes ✔️✔️,src/app/ofertas-de-renting/[[...slug]]/page.tsx,True
/ofertas-de-renting/volkswagen/t-roc/volkswagen-t-roc/,"crawl,woocommerce","active-vehicle,vehicle",▷ Renting VOLKSWAGEN T ROC | Desde 353 €/mes ✔️✔️,src/app/ofertas-de-renting/[[...slug]]/page.tsx,True
/ofertas-de-renting/volkswagen/tiguan/,"crawl,wordpress-page","catalog,page",▷ RENTING VOLKSWAGEN TIGUAN | SIN ENTRADA ✔️✔️,src/app/ofertas-de-renting/[[...slug]]/page.tsx,True
/ofertas-de-renting/volkswagen/tiguan/volkswagen-tiguan/,"crawl,woocommerce","active-vehicle,vehicle",▷ RENTING VOLKSWAGEN TIGUAN | Desde 493 €/mes ✔️✔️,src/app/ofertas-de-renting/[[...slug]]/page.tsx,True
/ofertas-de-renting/volkswagen/transporter/,"crawl,wordpress-page","catalog,page",▷ RENTING VOLKSWAGEN TRANSPORTER | SIN ENTRADA ✔️✔️,src/app/ofertas-de-renting/[[...slug]]/page.tsx,True
/ofertas-de-renting/volkswagen/transporter/volkswagen-transporter-2/,crawl,vehicle,▷ Renting VOLKSWAGEN TRANSPORTER | Desde 305 €/mes ✔️✔️,src/app/ofertas-de-renting/[[...slug]]/page.tsx,True
/ofertas-de-renting/volkswagen/transporter/volkswagen-transporter-3/,crawl,vehicle,▷ Renting VOLKSWAGEN TRANSPORTER | Desde 305 €/mes ✔️✔️,src/app/ofertas-de-renting/[[...slug]]/page.tsx,True
/ofertas-de-renting/volkswagen/transporter/volkswagen-transporter-4/,"crawl,woocommerce","active-vehicle,vehicle",▷ RENTING VOLKSWAGEN TRANSPORTER | Desde 402€,src/app/ofertas-de-renting/[[...slug]]/page.tsx,True
/ofertas-de-renting/volkswagen/transporter/volkswagen-transporter/,crawl,vehicle,▷ Renting VOLKSWAGEN TRANSPORTER | Desde 307 €/mes ✔️✔️,src/app/ofertas-de-renting/[[...slug]]/page.tsx,True
/ofertas-de-renting/volvo/,"crawl,wordpress-page","catalog,page",▷ Oferta de RENTING VOLVO | Todo incluido | SIN ENTRADA ✔️✔️,src/app/ofertas-de-renting/[[...slug]]/page.tsx,True
/ofertas-de-renting/volvo/xc40/,"crawl,wordpress-page","catalog,page",▷ Ofertas de RENTING VOLVO XC40 | SIN ENTRADA ✔️✔️,src/app/ofertas-de-renting/[[...slug]]/page.tsx,True
/ofertas-de-renting/volvo/xc40/volvo-xc40-2/,crawl,vehicle,▷ RENTING VOLVO XC40 para particulares | Desde 631€/mes ✔️✔️,src/app/ofertas-de-renting/[[...slug]]/page.tsx,True
/ofertas-de-renting/volvo/xc40/volvo-xc40/,crawl,vehicle,▷ RENTING VOLVO XC40 para particulares | Desde 600 €/mes,src/app/ofertas-de-renting/[[...slug]]/page.tsx,True
/ofertas-de-renting/volvo/xc60/,"crawl,wordpress-page","catalog,page",▷ Ofertas de RENTING VOLVO XC60 | SIN ENTRADA ✔️✔️,src/app/ofertas-de-renting/[[...slug]]/page.tsx,True
/ofertas-de-renting/volvo/xc60/volvo-xc60/,"crawl,woocommerce","active-vehicle,vehicle",▷ RENTING VOLVO XC60 para particulares | Desde 739 €/mes ✔️✔️,src/app/ofertas-de-renting/[[...slug]]/page.tsx,True
/plan-moves-grandes-flotas/,"crawl,wordpress-post","post,seo-landing",El gobierno aprueba el PLAN MOVES GRANDES FLOTAS - Prisma Blog,src/app/[...sourcePath]/page.tsx,True
/politica-de-cookies/,"crawl,wordpress-page","corporate,page",POLITICA DE COOKIES - Prisma Renting,src/app/[...sourcePath]/page.tsx,True
/politica-de-privacidad/,"crawl,wordpress-page","corporate,page",POLÍTICA DE PRIVACIDAD - Prisma Renting,src/app/[...sourcePath]/page.tsx,True
/primera-carrera-de-automoviles-de-la-historia/,"crawl,wordpress-post","post,seo-landing",Primera carrera de automóviles de la historia - Prisma Renting,src/app/[...sourcePath]/page.tsx,True
/pueblos-mas-bonitos-ibiza/,"crawl,wordpress-post","post,seo-landing",▷ Los pueblos más bonitos de Ibiza | Prisma Renting,src/app/[...sourcePath]/page.tsx,True
/que-debes-tener-en-cuenta-a-la-hora-de-contratar-un-renting/,"crawl,wordpress-post","post,seo-landing",Qué tener en cuenta si vas a contratar un renting - Prisma Renting,src/app/[...sourcePath]/page.tsx,True
/que-hace-un-supermercado-vendiendo-coches-de-renting/,"crawl,wordpress-post","post,seo-landing",¿Qué hace un supermercado vendiendo coches de Renting? - Prisma Renting,src/app/[...sourcePath]/page.tsx,True
/que-tipo-de-multas-recibimos-los-espanoles-de-forma-mas-frecuente/,"crawl,wordpress-post","post,seo-landing",¿Qué tipo de multas recibimos los españoles de forma más frecuente? - Prisma Renting,src/app/[...sourcePath]/page.tsx,True
/renting-20000-km/,"crawl,wordpress-page","page,seo-landing",Renting 20000 km al año | Prisma Renting,src/app/[...sourcePath]/page.tsx,True
/renting-25000-km-ano/,"crawl,wordpress-page","page,seo-landing",Renting 25.000 km al año | Prisma Renting,src/app/[...sourcePath]/page.tsx,True
/renting-30000-km-ano/,"crawl,wordpress-page","page,seo-landing",Renting 30000 km al año | Prisma Renting,src/app/[...sourcePath]/page.tsx,True
/renting-40000-km-ano/,"crawl,wordpress-page","page,seo-landing",Renting 40000 km al año | Prisma Renting,src/app/[...sourcePath]/page.tsx,True
/renting-5000-km-ano/,"crawl,wordpress-page","page,seo-landing",Renting 5.000 km año | Prisma Renting,src/app/[...sourcePath]/page.tsx,True
/renting-50000-km-ano/,"crawl,wordpress-page","page,seo-landing",Renting 50.000 km al año | Prisma Renting,src/app/[...sourcePath]/page.tsx,True
/renting-60000-km-ano/,"crawl,wordpress-page","page,seo-landing",Renting 60.000 km al año | Prisma Renting,src/app/[...sourcePath]/page.tsx,True
/renting-9-plazas/,"crawl,wordpress-page","page,seo-landing",Renting 9 Plazas | Prisma Renting,src/app/[...sourcePath]/page.tsx,True
/renting-coche-7-plazas/,"crawl,wordpress-page","page,seo-landing",Renting de Coche 7 Plazas | Prisma Renting,src/app/[...sourcePath]/page.tsx,True
/renting-coche-familiar/,"crawl,wordpress-page","page,seo-landing",Renting Coche Familiar | Prisma Renting,src/app/[...sourcePath]/page.tsx,True
/renting-coches-automaticos/,"crawl,wordpress-page","page,seo-landing",Renting Coches Automáticos | Prisma Renting,src/app/[...sourcePath]/page.tsx,True
/renting-coches-autonomos/,"crawl,wordpress-page","page,profile",RENTING COCHES AUTÓNOMOS ↑↑《TOP1》RENTING BARATO,src/app/[...sourcePath]/page.tsx,True
/renting-coches-deportivos/,"crawl,wordpress-page","page,seo-landing",Renting Coches Deportivos | Prisma Renting,src/app/[...sourcePath]/page.tsx,True
/renting-coches-diesel/,"crawl,wordpress-page","page,seo-landing",Renting Coches Diesel | Prisma Renting,src/app/[...sourcePath]/page.tsx,True
/renting-coches-electricos/,"crawl,wordpress-page","page,seo-landing",▷ Renting Coches Eléctricos | Prisma Renting,src/app/[...sourcePath]/page.tsx,True
/renting-coches-empresas/,"crawl,wordpress-page","page,profile",Renting para Empresas | Oferta de Coches y Vehículos,src/app/[...sourcePath]/page.tsx,True
/renting-coches-gasolina/,"crawl,wordpress-page","page,seo-landing",Renting Coches Gasolina | Prisma Renting,src/app/[...sourcePath]/page.tsx,True
/renting-coches-manuales/,"crawl,wordpress-page","page,seo-landing",Renting Coches Manuales | Prisma Renting,src/app/[...sourcePath]/page.tsx,True
/renting-coches-particulares/,"crawl,wordpress-page","page,profile",RENTING COCHES PARTICULARES ↑↑《TOP1》RENTING BARATO,src/app/[...sourcePath]/page.tsx,True
/renting-coches-pequenos/,"crawl,wordpress-page","page,seo-landing",Renting Coches Pequeños | Prisma Renting,src/app/[...sourcePath]/page.tsx,True
/renting-con-entrada/,"crawl,wordpress-page","page,seo-landing",▷ Renting con entrada | Prisma Renting,src/app/[...sourcePath]/page.tsx,True
/renting-corto-plazo/,"crawl,wordpress-page","page,seo-landing",▷ Renting corto plazo | Prisma Renting,src/app/[...sourcePath]/page.tsx,True
/renting-descapotable/,"crawl,wordpress-page","page,seo-landing",Renting Descapotable | Prisma Renting,src/app/[...sourcePath]/page.tsx,True
/renting-entrega-inmediata/,"crawl,wordpress-page","page,seo-landing",RENTING COCHES CON ENTREGA INMEDIATA | DESDE 264€/MES,src/app/[...sourcePath]/page.tsx,True
/renting-espana/,"crawl,wordpress-page","page,seo-landing",Renting en España | Prisma Renting,src/app/[...sourcePath]/page.tsx,True
/renting-espana/albacete/,"crawl,wordpress-page","page,seo-landing",Renting de coches en Albacete | Prisma Renting,src/app/[...sourcePath]/page.tsx,True
/renting-espana/alicante/,"crawl,wordpress-page","page,seo-landing",Renting de Coches en Alicante | Prisma Renting,src/app/[...sourcePath]/page.tsx,True
/renting-espana/almeria/,"crawl,wordpress-page","page,seo-landing",Renting de Coches en Almeria | Prisma Renting,src/app/[...sourcePath]/page.tsx,True
/renting-espana/asturias/,"crawl,wordpress-page","page,seo-landing",Coches de Renting en Asturias | Prisma Renting,src/app/[...sourcePath]/page.tsx,True
/renting-espana/asturias/oviedo/,"crawl,wordpress-page","page,seo-landing",Renting de Coches en Oviedo | Prisma Renting,src/app/[...sourcePath]/page.tsx,True
/renting-espana/badajoz/,"crawl,wordpress-page","page,seo-landing",Renting de Coches en Badajoz | Prisma Renting,src/app/[...sourcePath]/page.tsx,True
/renting-espana/barcelona/,"crawl,wordpress-page","page,seo-landing",Renting de Coches en Barcelona | Prisma Renting,src/app/[...sourcePath]/page.tsx,True
/renting-espana/bilbao/,"crawl,wordpress-page","page,seo-landing",Renting de Coches en Bilbao | Prisma Renting,src/app/[...sourcePath]/page.tsx,True
/renting-espana/cadiz/,"crawl,wordpress-page","page,seo-landing",Renting Cadiz | Prisma Renting,src/app/[...sourcePath]/page.tsx,True
/renting-espana/cantabria/,"crawl,wordpress-page","page,seo-landing",Renting de Coches en Cantabria | Prisma Renting,src/app/[...sourcePath]/page.tsx,True
/renting-espana/castellon/,"crawl,wordpress-page","page,seo-landing",Coches de Renting en Castellon | Prisma Renting,src/app/[...sourcePath]/page.tsx,True
/renting-espana/cordoba/,"crawl,wordpress-page","page,seo-landing",Renting en Córdoba | Prisma Renting,src/app/[...sourcePath]/page.tsx,True
/renting-espana/elche/,"crawl,wordpress-page","page,seo-landing",Renting de Coches en Elche | Prisma Renting,src/app/[...sourcePath]/page.tsx,True
/renting-espana/galicia/,"crawl,wordpress-page","page,seo-landing",Renting en Galicia | Prisma Renting,src/app/[...sourcePath]/page.tsx,True
/renting-espana/galicia/coruna/,"crawl,wordpress-page","page,seo-landing",Coches de Renting en A Coruña | Prisma Renting,src/app/[...sourcePath]/page.tsx,True
/renting-espana/galicia/ourense/,"crawl,wordpress-page","page,seo-landing",Renting Ourense | Prisma Renting,src/app/[...sourcePath]/page.tsx,True
/renting-espana/galicia/santiago-de-compostela/,"crawl,wordpress-page","page,seo-landing",Renting Santiago de Compostela | Prisma Renting,src/app/[...sourcePath]/page.tsx,True
/renting-espana/gijon/,"crawl,wordpress-page","page,seo-landing",Renting de Coches en Gijón | Prisma Renting,src/app/[...sourcePath]/page.tsx,True
/renting-espana/girona/,"crawl,wordpress-page","page,seo-landing",Renting en Girona | Prisma Renting,src/app/[...sourcePath]/page.tsx,True
/renting-espana/gran-canaria/,"crawl,wordpress-page","page,seo-landing",Renting Gran Canaria | Prisma Renting,src/app/[...sourcePath]/page.tsx,True
/renting-espana/granada/,"crawl,wordpress-page","page,seo-landing",Renting en Granada | Prisma Renting,src/app/[...sourcePath]/page.tsx,True
/renting-espana/guipuzcoa/,"crawl,wordpress-page","page,seo-landing",Renting de Coches en Guipuzcoa | Prisma Renting,src/app/[...sourcePath]/page.tsx,True
/renting-espana/huelva/,"crawl,wordpress-page","page,seo-landing",Renting de Coches en Huelva | Prisma Renting,src/app/[...sourcePath]/page.tsx,True
/renting-espana/ibiza/,"crawl,wordpress-page","page,seo-landing",Renting de Coches en Ibiza | Prisma Renting,src/app/[...sourcePath]/page.tsx,True
/renting-espana/jaen/,"crawl,wordpress-page","page,seo-landing",Renting en Jaén | Prisma Renting,src/app/[...sourcePath]/page.tsx,True
/renting-espana/logrono/,"crawl,wordpress-page","page,seo-landing",Renting de Coches en Logroño | Prisma Renting,src/app/[...sourcePath]/page.tsx,True
/renting-espana/lugo/,"crawl,wordpress-page","page,seo-landing",Renting en Lugo | Prisma Renting,src/app/[...sourcePath]/page.tsx,True
/renting-espana/madrid/,"crawl,wordpress-page","page,seo-landing",▷ Renting de Coches en Madrid | Prisma Renting,src/app/[...sourcePath]/page.tsx,True
/renting-espana/malaga/,"crawl,wordpress-page","page,seo-landing",Renting en Malaga | Prisma Renting,src/app/[...sourcePath]/page.tsx,True
/renting-espana/murcia/,"crawl,wordpress-page","page,seo-landing",Renting de Coches en Murcia | Prisma Renting,src/app/[...sourcePath]/page.tsx,True
/renting-espana/navarra/,"crawl,wordpress-page","page,seo-landing",Renting en Navarra | Prisma Renting,src/app/[...sourcePath]/page.tsx,True
/renting-espana/pamplona/,"crawl,wordpress-page","page,seo-landing",Renting en Pamplona | Prisma Renting,src/app/[...sourcePath]/page.tsx,True
/renting-espana/pontevedra/,"crawl,wordpress-page","page,seo-landing",Renting en Pontevedra | Prisma Renting,src/app/[...sourcePath]/page.tsx,True
/renting-espana/salamanca/,"crawl,wordpress-page","page,seo-landing",Renting de Coches en Salamanca | Prisma Renting,src/app/[...sourcePath]/page.tsx,True
/renting-espana/sevilla/,"crawl,wordpress-page","page,seo-landing",Renting en Sevilla | Prisma Renting,src/app/[...sourcePath]/page.tsx,True
/renting-espana/tarragona/,"crawl,wordpress-page","page,seo-landing",Renting en Tarragona | Prisma Renting,src/app/[...sourcePath]/page.tsx,True
/renting-espana/toledo/,"crawl,wordpress-page","page,seo-landing",Renting en Toledo | Prisma Renting,src/app/[...sourcePath]/page.tsx,True
/renting-espana/valencia/,"crawl,wordpress-page","page,seo-landing",Renting de Coches en Valencia | Prisma Renting,src/app/[...sourcePath]/page.tsx,True
/renting-espana/valladolid/,"crawl,wordpress-page","page,seo-landing",Renting Coches Valladolid | Prisma Renting,src/app/[...sourcePath]/page.tsx,True
/renting-espana/vigo/,"crawl,wordpress-page","page,seo-landing",Renting Vigo | Prisma Renting,src/app/[...sourcePath]/page.tsx,True
/renting-espana/vitoria/,"crawl,wordpress-page","page,seo-landing",Renting Vitoria | Prisma Renting,src/app/[...sourcePath]/page.tsx,True
/renting-espana/zaragoza/,"crawl,wordpress-page","page,seo-landing",Coches Renting Zaragoza | Prisma Renting,src/app/[...sourcePath]/page.tsx,True
/renting-flexible/,"crawl,wordpress-page","page,seo-landing",RENTING FLEXIBLE | POR MESES,src/app/[...sourcePath]/page.tsx,True
/renting-furgonetas/,"crawl,wordpress-page","page,seo-landing",▷ Renting de furgonetas | Prisma Renting,src/app/[...sourcePath]/page.tsx,True
/renting-furgonetas/7-plazas/,"crawl,wordpress-page","page,seo-landing",▷ Renting Furgoneta de 7 plazas | Prisma Renting,src/app/[...sourcePath]/page.tsx,True
/renting-furgonetas/caja-abierta/,"crawl,wordpress-page","page,seo-landing",Furgoneta Caja abierta Renting | Prisma Renting,src/app/[...sourcePath]/page.tsx,True
/renting-furgonetas/combi/,"crawl,wordpress-page","page,seo-landing",Renting Furgonetas Combi | Prisma Renting,src/app/[...sourcePath]/page.tsx,True
/renting-furgonetas/electrica/,"crawl,wordpress-page","page,seo-landing",Renting Furgoneta Electrica | Prisma Renting,src/app/[...sourcePath]/page.tsx,True
/renting-furgonetas/frigorifica/,"crawl,wordpress-page","page,seo-landing",Renting Furgoneta Frigorifica | Prisma Renting,src/app/[...sourcePath]/page.tsx,True
/renting-furgonetas/grandes/,"crawl,wordpress-page","page,seo-landing",Renting Furgonetas Grandes | Prisma Renting,src/app/[...sourcePath]/page.tsx,True
/renting-furgonetas/isotermicas/,"crawl,wordpress-page","page,seo-landing",Renting Furgonetas Isotermicas | Prisma Renting,src/app/[...sourcePath]/page.tsx,True
/renting-furgonetas/mixtas/,"crawl,wordpress-page","page,seo-landing",Renting Furgonetas Mixtas | Prisma Renting,src/app/[...sourcePath]/page.tsx,True
/renting-furgonetas/pequenas/,"crawl,wordpress-page","page,seo-landing",Renting Furgonetas Pequeñas | Prisma Renting,src/app/[...sourcePath]/page.tsx,True
/renting-furgonetas/renting-9-plazas/,"crawl,wordpress-page","page,seo-landing",▷ Renting de Furgonetas de 9 plazas | Prisma Renting,src/app/[...sourcePath]/page.tsx,True
/renting-furgonetas/sin-permanencia/,"crawl,wordpress-page","page,seo-landing",▷ Renting de Furgonetas sin permanencia | Prisma Renting,src/app/[...sourcePath]/page.tsx,True
/renting-hibrido-enchufable/,"crawl,wordpress-page","page,seo-landing",Renting Híbrido Enchufable | Prisma Renting,src/app/[...sourcePath]/page.tsx,True
/renting-hibridos/,"crawl,wordpress-page","page,seo-landing",▷ Renting Coches Híbridos | Prisma Renting,src/app/[...sourcePath]/page.tsx,True
/renting-largo-plazo/,"crawl,wordpress-page","page,seo-landing",▷ Renting a largo plazo | Prisma Renting,src/app/[...sourcePath]/page.tsx,True
/renting-monovolumen/,"crawl,wordpress-page","page,seo-landing",Renting Monovolumen | Prisma Renting,src/app/[...sourcePath]/page.tsx,True
/renting-monovolumen/7-plazas/,"crawl,wordpress-page","page,seo-landing",Renting Monovolumen 7 plazas | Prisma Renting,src/app/[...sourcePath]/page.tsx,True
/renting-noveles/,"crawl,wordpress-page","page,seo-landing",▷ Renting para noveles | Prisma Renting,src/app/[...sourcePath]/page.tsx,True
/renting-o-leasing-la-pregunta-del-millon/,"crawl,wordpress-post","post,seo-landing",¿Renting o leasing? La pregunta del millón. - Prisma Renting,src/app/[...sourcePath]/page.tsx,True
/renting-opcion-compra/,"crawl,wordpress-page","page,seo-landing",▷ Renting con Opción a Compra | Prisma Renting,src/app/[...sourcePath]/page.tsx,True
/renting-pick-up/,"crawl,wordpress-page","page,seo-landing",Renting Pick Up a un precio increíble | Prisma Renting,src/app/[...sourcePath]/page.tsx,True
/renting-por-meses/,"crawl,wordpress-page","page,seo-landing",▷ Renting por Meses | Prisma Renting,src/app/[...sourcePath]/page.tsx,True
/renting-por-meses/1-mes/,"crawl,wordpress-page","page,seo-landing",▷ Renting por 1 mes | Prisma Renting,src/app/[...sourcePath]/page.tsx,True
/renting-por-meses/12-meses/,"crawl,wordpress-page","page,seo-landing",▷ Renting por 12 meses | Prisma Renting,src/app/[...sourcePath]/page.tsx,True
/renting-por-meses/24-meses/,"crawl,wordpress-page","page,seo-landing",▷ Renting por 24 meses | Prisma Renting,src/app/[...sourcePath]/page.tsx,True
/renting-por-meses/3-meses/,"crawl,wordpress-page","page,seo-landing",▷ Renting por 3 meses | Prisma Renting,src/app/[...sourcePath]/page.tsx,True
/renting-por-meses/6-meses/,"crawl,wordpress-page","page,seo-landing",▷ Renting por 6 meses | Prisma Renting,src/app/[...sourcePath]/page.tsx,True
/renting-por-meses/sin-permanencia/,"crawl,wordpress-page","page,seo-landing",▷ Renting por meses sin permanencia | Prisma Renting,src/app/[...sourcePath]/page.tsx,True
/renting-sin-entrada/,"crawl,wordpress-page","page,seo-landing",▷ Renting sin entrada | Prisma Renting,src/app/[...sourcePath]/page.tsx,True
/renting-sin-limite-km/,"crawl,wordpress-page","page,seo-landing",▷ Renting sin limite de km | Prisma Renting,src/app/[...sourcePath]/page.tsx,True
/renting-sin-nomina/,"crawl,wordpress-page","page,seo-landing",▷ Renting sin nomina | Prisma Renting,src/app/[...sourcePath]/page.tsx,True
/renting-sin-permanencia/,"crawl,wordpress-page","page,seo-landing",▷ Renting Sin Permanencia | Prisma Renting,src/app/[...sourcePath]/page.tsx,True
/renting-suv/,"crawl,wordpress-page","page,seo-landing",Renting SUV | Prisma Renting,src/app/[...sourcePath]/page.tsx,True
/renting-suv/automatico/,"crawl,wordpress-page","page,seo-landing",Renting SUV Automático | Prisma Renting,src/app/[...sourcePath]/page.tsx,True
/renting-suv/electrico/,"crawl,wordpress-page","page,seo-landing",Renting SUV Electrico | Prisma Renting,src/app/[...sourcePath]/page.tsx,True
/renting-suv/hibridos/,"crawl,wordpress-page","page,seo-landing",Renting SUV Hibridos | Prisma Renting,src/app/[...sourcePath]/page.tsx,True
/renting-todo-incluido/,"crawl,wordpress-page","page,seo-landing",▷ Renting Todo Incluido | Prisma Renting,src/app/[...sourcePath]/page.tsx,True
/renting-todoterrenos/,"crawl,wordpress-page","page,seo-landing",Renting Todoterrenos | Prisma Renting,src/app/[...sourcePath]/page.tsx,True
/renting-van/,"crawl,wordpress-page","page,seo-landing",Renting Van | Prisma Renting,src/app/[...sourcePath]/page.tsx,True
/ruta-en-coche-por-cantabria/,"crawl,wordpress-post","post,seo-landing",▷ Ruta en coche por la maravillosa Cantabria | Prisma Renting,src/app/[...sourcePath]/page.tsx,True
/ruta-en-coche-por-el-pais-vasco/,"crawl,wordpress-post","post,seo-landing",▷ Ruta en coche por el País Vasco | Prisma Renting,src/app/[...sourcePath]/page.tsx,True
/rutas-by-prisma-renting-alicante/,"crawl,wordpress-post","post,seo-landing",Ruta en coche por Alicante✔✔ Prisma Renting,src/app/[...sourcePath]/page.tsx,True
/rutas-by-prisma-renting-centro-de-portugal/,"crawl,wordpress-post","post,seo-landing",Rutas en coche por el centro de Portugal | PRISMA Renting,src/app/[...sourcePath]/page.tsx,True
/rutas-by-prisma-renting-galicia/,"crawl,wordpress-post","post,seo-landing",Rutas en coche por Galicia | PRISMA Renting,src/app/[...sourcePath]/page.tsx,True
/rutas-en-coche-la-rioja/,"crawl,wordpress-post","post,seo-landing",▷ Rutas en coche: Disfruta de lo mejor de La Rioja | Prisma Renting,src/app/[...sourcePath]/page.tsx,True
/rutas-en-coche-recorriendo-madrid-i/,"crawl,wordpress-post","post,seo-landing",▷ Ruta en coche por los mejores pueblos de Madrid | Prisma Renting,src/app/[...sourcePath]/page.tsx,True
/sabias-que-el-coche-electrico-tiene-casi-200-anos/,"crawl,wordpress-post","post,seo-landing",¿Sabías qué el coche eléctrico tiene casi 200 años? - Prisma Renting,src/app/[...sourcePath]/page.tsx,True
/tag/automocion/,crawl,seo-landing,automoción archivos - Prisma Renting,src/app/[...sourcePath]/page.tsx,True
/tag/bulos-coches/,crawl,seo-landing,bulos coches archivos - Prisma Renting,src/app/[...sourcePath]/page.tsx,True
/tag/bulos-mundo-automocion/,crawl,seo-landing,bulos mundo automocion archivos - Prisma Renting,src/app/[...sourcePath]/page.tsx,True
/tag/canciones-espanolas-miticas-2/,crawl,seo-landing,canciones españolas miticas archivos - Prisma Renting,src/app/[...sourcePath]/page.tsx,True
/tag/coche-nuevo/,crawl,seo-landing,coche nuevo archivos - Prisma Renting,src/app/[...sourcePath]/page.tsx,True
/tag/coches-frikis/,crawl,seo-landing,coches frikis archivos - Prisma Renting,src/app/[...sourcePath]/page.tsx,True
/tag/coches-james-bond/,crawl,seo-landing,coches james bond archivos - Prisma Renting,src/app/[...sourcePath]/page.tsx,True
/tag/coches-mas-frikis-mundo/,crawl,seo-landing,coches mas frikis mundo archivos - Prisma Renting,src/app/[...sourcePath]/page.tsx,True
/tag/consejos-para-evitar-aquaplaning/,crawl,seo-landing,consejos para evitar aquaplaning archivos - Prisma Renting,src/app/[...sourcePath]/page.tsx,True
/tag/curiosidades-automocion/,crawl,seo-landing,curiosidades automoción archivos - Prisma Renting,src/app/[...sourcePath]/page.tsx,True
/tag/leasing/,crawl,seo-landing,leasing archivos - Prisma Renting,src/app/[...sourcePath]/page.tsx,True
/tag/novedades-coches/,crawl,seo-landing,novedades coches archivos - Prisma Renting,src/app/[...sourcePath]/page.tsx,True
/tag/renting-autonomos/,crawl,seo-landing,renting autónomos archivos - Prisma Renting,src/app/[...sourcePath]/page.tsx,True
/tag/renting-barato/,crawl,seo-landing,renting barato archivos - Prisma Renting,src/app/[...sourcePath]/page.tsx,True
/tag/renting-de-coches/,crawl,seo-landing,renting de coches archivos - Prisma Renting,src/app/[...sourcePath]/page.tsx,True
/tag/renting-empresas/,crawl,seo-landing,renting empresas archivos - Prisma Renting,src/app/[...sourcePath]/page.tsx,True
/tag/renting-particulares/,crawl,seo-landing,renting particulares archivos - Prisma Renting,src/app/[...sourcePath]/page.tsx,True
/tag/renting/,crawl,seo-landing,renting archivos - Prisma Renting,src/app/[...sourcePath]/page.tsx,True
/tag/rodaje-coche-nuevo/,crawl,seo-landing,rodaje coche nuevo archivos - Prisma Renting,src/app/[...sourcePath]/page.tsx,True
/tag/tratar-coche-nuevo/,crawl,seo-landing,tratar coche nuevo archivos - Prisma Renting,src/app/[...sourcePath]/page.tsx,True
/tarjeta-de-fidelizacion/,"crawl,wordpress-page","page,seo-landing",Tarjeta de fidelización - Prisma Renting,src/app/[...sourcePath]/page.tsx,True
/tendencias-digitales-mundo-automocion/,"crawl,wordpress-post","post,seo-landing",▷ Las tendencias digitales del mundo de la automoción | Prisma Renting,src/app/[...sourcePath]/page.tsx,True
/trucos-contaminar-menos-con-tu-coche/,"crawl,wordpress-post","post,seo-landing",▷ Trucos para contaminar menos con tu coche | Prisma Renting,src/app/[...sourcePath]/page.tsx,True
/▷-rutaruta-coche-costa-tropical-granada/,crawl,seo-landing,▷ Ruta en coche por la COSTA TROPICAL de Granada | Prisma Renting,src/app/[...sourcePath]/page.tsx,True
