type,path,title,h1,meta_description
seo-landing,/,RENTING COCHES ↑↑《TOP1》MEJORES PRECIOS RENTING,Renting de coches al mejor precio,"RENTING DE COCHES para particulares, autónomos y empresas  | 50€ DE REGALO al contratar tu renting | Renting de coches al MEJOR PRECIO"
seo-landing,/5-mujeres-que-han-hecho-historia-en-el-mundo-de-la-automocion/,5 mujeres que han hecho historia en el mundo de la automoción - Prisma Renting,,"Ofertas de Renting con todo incluido para Autónomos, Empresas y Particulares."
seo-landing,/acierta-con-tu-coche-de-empresa/,Acierta con tu coche de empresa - Prisma Renting,,"Ofertas de Renting con todo incluido para Autónomos, Empresas y Particulares."
seo-landing,/alta-gama/,RENTING COCHES DE ALTA GAMA | COCHES DE LUJO,Renting de coches de alta gama,"Ofertas de Renting con todo incluido para Autónomos, Empresas y Particulares."
seo-landing,/anucnios-coche-musica/,▷ Anuncios de coche que han destacado por su música | Prisma Renting,,"Ofertas de Renting con todo incluido para Autónomos, Empresas y Particulares."
corporate,/aviso-legal/,AVISO LEGAL - Prisma Renting,AVISO LEGAL,"Ofertas de Renting con todo incluido para Autónomos, Empresas y Particulares."
blog-index,/blog/,BLOG - Prisma Renting,,"Ofertas de Renting con todo incluido para Autónomos, Empresas y Particulares."
seo-landing,/bulos-mundo-automocion/,Damos respuesta a bulos sobre el mundo de la automoción - Prisma Renting,,"Ofertas de Renting con todo incluido para Autónomos, Empresas y Particulares."
seo-landing,/canciones-espanolas-miticas-nombran-modelos-marcas-coches/,▷ Canciones españolas míticas que hablan de marcas y modelos de coches | Prisma Renting,,"Ofertas de Renting con todo incluido para Autónomos, Empresas y Particulares."
seo-landing,/canciones-rock-coches/,▷ Canciones de ROCK sobre coches | Prisma Renting,,"Ofertas de Renting con todo incluido para Autónomos, Empresas y Particulares."
seo-landing,/cat/hyundai/bayon/,Bayon archivos - Prisma Renting,,"Ofertas de Renting con todo incluido para Autónomos, Empresas y Particulares."
seo-landing,/cat/hyundai/i20/,i20 archivos - Prisma Renting,,"Ofertas de Renting con todo incluido para Autónomos, Empresas y Particulares."
seo-landing,/cat/hyundai/i30/,I30 archivos - Prisma Renting,,"Ofertas de Renting con todo incluido para Autónomos, Empresas y Particulares."
seo-landing,/cat/hyundai/kona/,Kona archivos - Prisma Renting,,"Ofertas de Renting con todo incluido para Autónomos, Empresas y Particulares."
seo-landing,/cat/hyundai/tucson/,Tucson archivos - Prisma Renting,,"Ofertas de Renting con todo incluido para Autónomos, Empresas y Particulares."
seo-landing,/cat/kia/new-sportage/,New Sportage archivos - Prisma Renting,,"Ofertas de Renting con todo incluido para Autónomos, Empresas y Particulares."
seo-landing,/cat/lexus/nx/,Nx archivos - Prisma Renting,,"Ofertas de Renting con todo incluido para Autónomos, Empresas y Particulares."
seo-landing,/cat/marcas-de-renting/bmw/x5/,X5 archivos - Prisma Renting,,"Ofertas de Renting con todo incluido para Autónomos, Empresas y Particulares."
seo-landing,/cat/marcas-de-renting/citroen/c5-x-2/,C5 X archivos - Prisma Renting,,"Ofertas de Renting con todo incluido para Autónomos, Empresas y Particulares."
seo-landing,/cat/marcas-de-renting/fiat/500l/,500L archivos - Prisma Renting,,"Ofertas de Renting con todo incluido para Autónomos, Empresas y Particulares."
seo-landing,/cat/marcas-de-renting/fiat/fiorino/,Fiorino archivos - Prisma Renting,,"Ofertas de Renting con todo incluido para Autónomos, Empresas y Particulares."
seo-landing,/cat/modelo/,MODELO archivos - Prisma Renting,,"Ofertas de Renting con todo incluido para Autónomos, Empresas y Particulares."
seo-landing,/cat/modelo/arona-modelo/,Arona archivos - Prisma Renting,,"Ofertas de Renting con todo incluido para Autónomos, Empresas y Particulares."
seo-landing,/cat/modelo/puma-modelo/,Puma archivos - Prisma Renting,,"Ofertas de Renting con todo incluido para Autónomos, Empresas y Particulares."
seo-landing,/cat/opel/,OPEL archivos - Prisma Renting,,"Ofertas de Renting con todo incluido para Autónomos, Empresas y Particulares."
seo-landing,/cat/opel/combo/,COMBO archivos - Prisma Renting,,"Ofertas de Renting con todo incluido para Autónomos, Empresas y Particulares."
seo-landing,/cat/opel/corsa/,CORSA archivos - Prisma Renting,,"Ofertas de Renting con todo incluido para Autónomos, Empresas y Particulares."
seo-landing,/cat/opel/grandland/,GRANDLAND archivos - Prisma Renting,,"Ofertas de Renting con todo incluido para Autónomos, Empresas y Particulares."
seo-landing,/cat/opel/mokka-2/,Mokka archivos - Prisma Renting,,"Ofertas de Renting con todo incluido para Autónomos, Empresas y Particulares."
seo-landing,/cat/opel/vivaro-m/,VIVARO M archivos - Prisma Renting,,"Ofertas de Renting con todo incluido para Autónomos, Empresas y Particulares."
seo-landing,/cat/porsche/macan/,MACAN archivos - Prisma Renting,,"Ofertas de Renting con todo incluido para Autónomos, Empresas y Particulares."
seo-landing,/cat/seat/ibiza-2/,Ibiza archivos - Prisma Renting,,"Ofertas de Renting con todo incluido para Autónomos, Empresas y Particulares."
seo-landing,/cat/skoda/enyaq/,Enyaq archivos - Prisma Renting,,"Ofertas de Renting con todo incluido para Autónomos, Empresas y Particulares."
seo-landing,/cat/skoda/scala/,Scala archivos - Prisma Renting,,"Ofertas de Renting con todo incluido para Autónomos, Empresas y Particulares."
seo-landing,/cat/toyota/aygo-x-cross/,Aygo X Cross archivos - Prisma Renting,,"Ofertas de Renting con todo incluido para Autónomos, Empresas y Particulares."
seo-landing,/cat/volkswagen/caddy/,Caddy archivos - Prisma Renting,,"Ofertas de Renting con todo incluido para Autónomos, Empresas y Particulares."
seo-landing,/cat/volvo/xc40/,Xc40 archivos - Prisma Renting,,"Ofertas de Renting con todo incluido para Autónomos, Empresas y Particulares."
seo-landing,/cat/volvo/xc60/,Xc60 archivos - Prisma Renting,,"Ofertas de Renting con todo incluido para Autónomos, Empresas y Particulares."
seo-landing,/category/https-prismarenting-com-blog-curiosidades/,Curiosidades archivos - Prisma Renting,,"Ofertas de Renting con todo incluido para Autónomos, Empresas y Particulares."
seo-landing,/category/https-prismarenting-com-blog-movilidadysostenibilidad/,Movilidad y sostenibilidad archivos - Prisma Renting,,"Ofertas de Renting con todo incluido para Autónomos, Empresas y Particulares."
seo-landing,/category/https-prismarenting-com-blog-novedades/,Novedades archivos - Prisma Renting,,"Ofertas de Renting con todo incluido para Autónomos, Empresas y Particulares."
seo-landing,/category/https-prismarenting-com-blog-renting/,Renting archivos - Prisma Renting,,"Ofertas de Renting con todo incluido para Autónomos, Empresas y Particulares."
seo-landing,/category/https-prismarenting-com-blog-rutas/,Rutas by Prisma Renting - Prisma Renting,,"Ofertas de Renting con todo incluido para Autónomos, Empresas y Particulares."
seo-landing,/claves-crecimiento-renting/,▷ Las claves del crecimiento del Renting | Prisma Renting,,"Ofertas de Renting con todo incluido para Autónomos, Empresas y Particulares."
seo-landing,/coche-de-renting-mas-barato/,¿Cuál es el coche de renting más barato? ✔✔ Listado agosto 2026,,"Ofertas de Renting con todo incluido para Autónomos, Empresas y Particulares."
seo-landing,/coches-etiqueta-eco-asequibles/,▷ Coches con etiqueta ECO muy asequibles | Prisma Renting,,"Ofertas de Renting con todo incluido para Autónomos, Empresas y Particulares."
seo-landing,/coches-mas-famosos-series-animacion/,▷ Los coches más famosos de las series de animación | Prisma Renting,,"Ofertas de Renting con todo incluido para Autónomos, Empresas y Particulares."
seo-landing,/coches-mas-rapidos-del-mundo/,▷ Los coches más rápidos del mundo | Prisma Renting,,"Ofertas de Renting con todo incluido para Autónomos, Empresas y Particulares."
seo-landing,/coches-mas-vendisos-en-espana/,▷ Los coches MÁS VENDIDOS EN ESPAÑA (primer trimestre del 2021),,"Ofertas de Renting con todo incluido para Autónomos, Empresas y Particulares."
seo-landing,/coches-nueva-pelicula-james-bond/,▷ Los coches de la nueva película de James Bond | Prisma Renting,,"Ofertas de Renting con todo incluido para Autónomos, Empresas y Particulares."
seo-landing,/como-debes-llevar-a-tu-bebe-en-el-coche/,¿Cómo debes llevar a tu bebé en el coche? - Prisma Renting,,"Ofertas de Renting con todo incluido para Autónomos, Empresas y Particulares."
seo-landing,/como-evitar-el-robo-de-tu-coche/,▷ Cómo evitar el robo de tu coche | Prisma Renting,,"Ofertas de Renting con todo incluido para Autónomos, Empresas y Particulares."
seo-landing,/como-funciona-el-renting-de-prisma-renting/,¿Cómo funciona el renting de Prisma Renting?,,"Ofertas de Renting con todo incluido para Autónomos, Empresas y Particulares."
seo-landing,/como-hacer-foto-perfecta-coche/,▷ Cómo hacer la foto perfecta para tu coche | Prisma Renting,,"Ofertas de Renting con todo incluido para Autónomos, Empresas y Particulares."
seo-landing,/como-llevar-las-bicicletas-en-el-coche/,▷ Como llevar las BICICLETAS en el COCHE | Prisma Renting,,"Ofertas de Renting con todo incluido para Autónomos, Empresas y Particulares."
seo-landing,/como-poner-las-cadenas-para-la-nieve/,▷ Cómo poner las cadenas para la nieve | Prisma Renting,,"Ofertas de Renting con todo incluido para Autónomos, Empresas y Particulares."
seo-landing,/como-se-comprueba-que-un-vehiculo-es-seguro/,¿Cómo se comprueba que un vehículo es seguro? - Prisma Renting,,"Ofertas de Renting con todo incluido para Autónomos, Empresas y Particulares."
seo-landing,/comparador-renting-coches/,▷ Comparador de Renting de Coches | Prisma Renting,Comparador Renting Coches,"Ofertas de Renting con todo incluido para Autónomos, Empresas y Particulares."
seo-landing,/comportamiento-consumidor-automocion-tras-pandemia/,El comportamiento del consumidor en el mundo de la automoción tras la pandemia - Prisma Renting,,"Ofertas de Renting con todo incluido para Autónomos, Empresas y Particulares."
seo-landing,/consejos-para-ahorrar-gasolina/,▷ Consejos para ahorrar gasolina | Prisma Renting,,"Ofertas de Renting con todo incluido para Autónomos, Empresas y Particulares."
seo-landing,/consejos-para-evitar-el-aquaplaning/,▷ Consejos para evitar el aquaplaning | Prisma Renting,,"Ofertas de Renting con todo incluido para Autónomos, Empresas y Particulares."
seo-landing,/consejos-road-trip-amigos/,▷Consejos para tu Road Trip con amigos | Prisma Renting,,"Ofertas de Renting con todo incluido para Autónomos, Empresas y Particulares."
corporate,/contacto/,CONTACTO - Prisma Renting,Contacto,"Ofertas de Renting con todo incluido para Autónomos, Empresas y Particulares."
seo-landing,/crece-la-contatacion-de-renting-de-coches-electricos/,Crece la contratación de Renting de coches eléctricos - Prisma Renting,,"Ofertas de Renting con todo incluido para Autónomos, Empresas y Particulares."
seo-landing,/cuales-son-actualmente-los-coches-mas-caros-del-mundo/,¿Cuáles son los coches más caros del mundo? - Prisma Renting,,"Ofertas de Renting con todo incluido para Autónomos, Empresas y Particulares."
seo-landing,/doc/,DOC - Prisma Renting,,"Ofertas de Renting con todo incluido para Autónomos, Empresas y Particulares."
seo-landing,/el-equilibrio-entre-el-renting-y-el-mercado-de-ocasion/,El equilibrio entre el Renting y el mercado de Ocasión - Prisma Renting,,"Ofertas de Renting con todo incluido para Autónomos, Empresas y Particulares."
seo-landing,/el-renting-de-coches-y-sus-ventajas/,El renting de coches y sus ventajas - Prisma Renting,,"Ofertas de Renting con todo incluido para Autónomos, Empresas y Particulares."
seo-landing,/el-renting-la-mejor-opcion-para-los-jovenes/,"▷ El Renting, la mejor opción para los jóvenes | Prisma Renting",,"Ofertas de Renting con todo incluido para Autónomos, Empresas y Particulares."
seo-landing,/eres-conductor-novel-no-te-compliques-haz-un-renting/,"¿Eres conductor novel? No te compliques, ¡haz un renting! - Prisma Renting",,"Ofertas de Renting con todo incluido para Autónomos, Empresas y Particulares."
seo-landing,/etiqueta-producto/autonomo/,Autonomo archivos - Prisma Renting,,"Ofertas de Renting con todo incluido para Autónomos, Empresas y Particulares."
seo-landing,/etiqueta-producto/autonomo/page/2/,Autonomo archivos - Página 2 de 3 - Prisma Renting,,"Ofertas de Renting con todo incluido para Autónomos, Empresas y Particulares."
seo-landing,/etiqueta-producto/autonomo/page/3/,Autonomo archivos - Página 3 de 3 - Prisma Renting,,"Ofertas de Renting con todo incluido para Autónomos, Empresas y Particulares."
seo-landing,/etiqueta-producto/autonomos-y-empresas/,autónomos y empresas archivos - Prisma Renting,,"Ofertas de Renting con todo incluido para Autónomos, Empresas y Particulares."
seo-landing,/etiqueta-producto/disponible-autonomos/,Autonomos archivos - Prisma Renting,,"Ofertas de Renting con todo incluido para Autónomos, Empresas y Particulares."
seo-landing,/etiqueta-producto/disponible-autonomos/page/2/,Autonomos archivos - Página 2 de 2 - Prisma Renting,,"Ofertas de Renting con todo incluido para Autónomos, Empresas y Particulares."
seo-landing,/etiqueta-producto/disponible-empresas/,Empresas archivos - Prisma Renting,,"Ofertas de Renting con todo incluido para Autónomos, Empresas y Particulares."
seo-landing,/etiqueta-producto/disponible-empresas/page/2/,Empresas archivos - Página 2 de 4 - Prisma Renting,,"Ofertas de Renting con todo incluido para Autónomos, Empresas y Particulares."
seo-landing,/etiqueta-producto/disponible-empresas/page/3/,Empresas archivos - Página 3 de 4 - Prisma Renting,,"Ofertas de Renting con todo incluido para Autónomos, Empresas y Particulares."
seo-landing,/etiqueta-producto/disponible-empresas/page/4/,Empresas archivos - Página 4 de 4 - Prisma Renting,,"Ofertas de Renting con todo incluido para Autónomos, Empresas y Particulares."
seo-landing,/etiqueta-producto/disponible-particulares/,Particulares archivos - Prisma Renting,,"Ofertas de Renting con todo incluido para Autónomos, Empresas y Particulares."
seo-landing,/etiqueta-producto/disponible-particulares/page/2/,Particulares archivos - Página 2 de 4 - Prisma Renting,,"Ofertas de Renting con todo incluido para Autónomos, Empresas y Particulares."
seo-landing,/etiqueta-producto/disponible-particulares/page/3/,Particulares archivos - Página 3 de 4 - Prisma Renting,,"Ofertas de Renting con todo incluido para Autónomos, Empresas y Particulares."
seo-landing,/etiqueta-producto/disponible-particulares/page/4/,Particulares archivos - Página 4 de 4 - Prisma Renting,,"Ofertas de Renting con todo incluido para Autónomos, Empresas y Particulares."
seo-landing,/etiqueta-producto/empresas-y-particulares/,empresas y particulares archivos - Prisma Renting,,"Ofertas de Renting con todo incluido para Autónomos, Empresas y Particulares."
seo-landing,/etiquetas-medioambientales-dgt/,Etiquetas medioambientales DGT - Prisma Renting,,"Ofertas de Renting con todo incluido para Autónomos, Empresas y Particulares."
seo-landing,/evita-estas-5-practicas-al-volante-y-conduce-mejor/,5 malas costumbres al volante - Prisma Renting,,"Ofertas de Renting con todo incluido para Autónomos, Empresas y Particulares."
corporate,/faqs/,FAQs - Prisma Renting,Preguntas frecuentes,"Ofertas de Renting con todo incluido para Autónomos, Empresas y Particulares."
seo-landing,/gracias-o/,Gracias | Prisma Renting,Gracias por tu interés en PRISMA Renting,"Ofertas de Renting con todo incluido para Autónomos, Empresas y Particulares."
seo-landing,/gracias-por-contactar-a/,Gracias | Prisma Renting,Gracias por tu interés en PRISMA Renting,"Ofertas de Renting con todo incluido para Autónomos, Empresas y Particulares."
seo-landing,/gracias-por-contactar-al/,Gracias | Prisma Renting,Gracias por tu interés en PRISMA Renting,"Ofertas de Renting con todo incluido para Autónomos, Empresas y Particulares."
seo-landing,/gracias-por-contactar-g/,Gracias | Prisma Renting,Gracias por tu interés en PRISMA Renting,"Ofertas de Renting con todo incluido para Autónomos, Empresas y Particulares."
seo-landing,/importancia-transporte-maritimo-automocion/,▷ La importancia del transporte marítimo para la automoción,,"Ofertas de Renting con todo incluido para Autónomos, Empresas y Particulares."
seo-landing,/influencia-redes-sociales-automocion/,▷ La influencia de las Redes Sociales en la automoción | Prisma Renting,,"Ofertas de Renting con todo incluido para Autónomos, Empresas y Particulares."
seo-landing,/kilometros/10-000-kilometros/,10000 archivos - Prisma Renting,,"Ofertas de Renting con todo incluido para Autónomos, Empresas y Particulares."
seo-landing,/kilometros/10-000-kilometros/page/10/,10000 archivos - Página 10 de 11 - Prisma Renting,,"Ofertas de Renting con todo incluido para Autónomos, Empresas y Particulares."
seo-landing,/kilometros/10-000-kilometros/page/11/,10000 archivos - Página 11 de 11 - Prisma Renting,,"Ofertas de Renting con todo incluido para Autónomos, Empresas y Particulares."
seo-landing,/kilometros/10-000-kilometros/page/2/,10000 archivos - Página 2 de 11 - Prisma Renting,,"Ofertas de Renting con todo incluido para Autónomos, Empresas y Particulares."
seo-landing,/kilometros/10-000-kilometros/page/3/,10000 archivos - Página 3 de 11 - Prisma Renting,,"Ofertas de Renting con todo incluido para Autónomos, Empresas y Particulares."
seo-landing,/kilometros/10-000-kilometros/page/4/,10000 archivos - Página 4 de 11 - Prisma Renting,,"Ofertas de Renting con todo incluido para Autónomos, Empresas y Particulares."
seo-landing,/kilometros/10-000-kilometros/page/9/,10000 archivos - Página 9 de 11 - Prisma Renting,,"Ofertas de Renting con todo incluido para Autónomos, Empresas y Particulares."
seo-landing,/kilometros/15000-kilometros/,15000 archivos - Prisma Renting,,"Ofertas de Renting con todo incluido para Autónomos, Empresas y Particulares."
seo-landing,/kilometros/15000-kilometros/page/10/,15000 archivos - Página 10 de 11 - Prisma Renting,,"Ofertas de Renting con todo incluido para Autónomos, Empresas y Particulares."
seo-landing,/kilometros/15000-kilometros/page/11/,15000 archivos - Página 11 de 11 - Prisma Renting,,"Ofertas de Renting con todo incluido para Autónomos, Empresas y Particulares."
seo-landing,/kilometros/15000-kilometros/page/2/,15000 archivos - Página 2 de 11 - Prisma Renting,,"Ofertas de Renting con todo incluido para Autónomos, Empresas y Particulares."
seo-landing,/kilometros/15000-kilometros/page/3/,15000 archivos - Página 3 de 11 - Prisma Renting,,"Ofertas de Renting con todo incluido para Autónomos, Empresas y Particulares."
seo-landing,/kilometros/15000-kilometros/page/4/,15000 archivos - Página 4 de 11 - Prisma Renting,,"Ofertas de Renting con todo incluido para Autónomos, Empresas y Particulares."
seo-landing,/kilometros/15000-kilometros/page/9/,15000 archivos - Página 9 de 11 - Prisma Renting,,"Ofertas de Renting con todo incluido para Autónomos, Empresas y Particulares."
seo-landing,/kilometros/20000-kilometros/,20000 archivos - Prisma Renting,,"Ofertas de Renting con todo incluido para Autónomos, Empresas y Particulares."
seo-landing,/kilometros/20000-kilometros/page/10/,20000 archivos - Página 10 de 11 - Prisma Renting,,"Ofertas de Renting con todo incluido para Autónomos, Empresas y Particulares."
seo-landing,/kilometros/20000-kilometros/page/11/,20000 archivos - Página 11 de 11 - Prisma Renting,,"Ofertas de Renting con todo incluido para Autónomos, Empresas y Particulares."
seo-landing,/kilometros/20000-kilometros/page/2/,20000 archivos - Página 2 de 11 - Prisma Renting,,"Ofertas de Renting con todo incluido para Autónomos, Empresas y Particulares."
seo-landing,/kilometros/20000-kilometros/page/3/,20000 archivos - Página 3 de 11 - Prisma Renting,,"Ofertas de Renting con todo incluido para Autónomos, Empresas y Particulares."
seo-landing,/kilometros/20000-kilometros/page/4/,20000 archivos - Página 4 de 11 - Prisma Renting,,"Ofertas de Renting con todo incluido para Autónomos, Empresas y Particulares."
seo-landing,/kilometros/20000-kilometros/page/9/,20000 archivos - Página 9 de 11 - Prisma Renting,,"Ofertas de Renting con todo incluido para Autónomos, Empresas y Particulares."
seo-landing,/kilometros/30000/,30000 archivos - Prisma Renting,,"Ofertas de Renting con todo incluido para Autónomos, Empresas y Particulares."
seo-landing,/kilometros/30000/page/10/,30000 archivos - Página 10 de 10 - Prisma Renting,,"Ofertas de Renting con todo incluido para Autónomos, Empresas y Particulares."
seo-landing,/kilometros/30000/page/2/,30000 archivos - Página 2 de 10 - Prisma Renting,,"Ofertas de Renting con todo incluido para Autónomos, Empresas y Particulares."
seo-landing,/kilometros/30000/page/3/,30000 archivos - Página 3 de 10 - Prisma Renting,,"Ofertas de Renting con todo incluido para Autónomos, Empresas y Particulares."
seo-landing,/kilometros/30000/page/4/,30000 archivos - Página 4 de 10 - Prisma Renting,,"Ofertas de Renting con todo incluido para Autónomos, Empresas y Particulares."
seo-landing,/kilometros/30000/page/8/,30000 archivos - Página 8 de 10 - Prisma Renting,,"Ofertas de Renting con todo incluido para Autónomos, Empresas y Particulares."
seo-landing,/kilometros/30000/page/9/,30000 archivos - Página 9 de 10 - Prisma Renting,,"Ofertas de Renting con todo incluido para Autónomos, Empresas y Particulares."
seo-landing,/kilometros/5000/,5000 archivos - Prisma Renting,,"Ofertas de Renting con todo incluido para Autónomos, Empresas y Particulares."
seo-landing,/la-crisis-de-los-semiconductores-en-el-mundo-de-la-automocion/,▷ La crisis de los semiconductores en el mundo de la automoción,,"Ofertas de Renting con todo incluido para Autónomos, Empresas y Particulares."
seo-landing,/la-importancia-de-saber-tratar-a-tu-coche-nuevo/,La importancia de saber tratar a tu coche nuevo - Prisma Renting,,"Ofertas de Renting con todo incluido para Autónomos, Empresas y Particulares."
seo-landing,/la-relacion-entre-el-renting-y-la-riqueza/,La relación entre el Renting y la riqueza - Prisma Renting,,"Ofertas de Renting con todo incluido para Autónomos, Empresas y Particulares."
seo-landing,/las-mejores-peliculas-de-coches/,▷ Las mejores películas de coches | Prisma Renting,,"Ofertas de Renting con todo incluido para Autónomos, Empresas y Particulares."
seo-landing,/las-mejores-tapas-de-espana/,▷ Las MEJORES tapas de España | Prisma Renting,,"Ofertas de Renting con todo incluido para Autónomos, Empresas y Particulares."
seo-landing,/los-5-coches-mas-vendidos-de-la-historia/,▷ Los 5 coches más vendidos de la historia | Prisma Renting,,"Ofertas de Renting con todo incluido para Autónomos, Empresas y Particulares."
seo-landing,/los-coches-mas-frikis-del-mundo/,▷ Los coches MÁS FRIKIS del mundo | Prisma Renting,,"Ofertas de Renting con todo incluido para Autónomos, Empresas y Particulares."
seo-landing,/los-coches-mas-raros-que-se-han-comercializado/,▷ Los coches más raros que se han comercializado | Prisma Renting,,"Ofertas de Renting con todo incluido para Autónomos, Empresas y Particulares."
seo-landing,/los-coches-mas-tecnologicos-del-mercado/,▷ Los coches más tecnológicos del mercado | Prisma Renting,,"Ofertas de Renting con todo incluido para Autónomos, Empresas y Particulares."
seo-landing,/los-coches-mas-vendidos-en-espana-en-2021/,Los coches más vendidos en España en 2022 | Prisma Renting,,"Ofertas de Renting con todo incluido para Autónomos, Empresas y Particulares."
seo-landing,/los-coches-perfectos-para-este-invierno/,▷ Los coches perfectos para este invierno | Prisma Renting,,"Ofertas de Renting con todo incluido para Autónomos, Empresas y Particulares."
seo-landing,/los-mejores-coches-familiares-del-mercado/,▷ Los mejores COCHES FAMILIARES del mercado | Prisma Renting,,"Ofertas de Renting con todo incluido para Autónomos, Empresas y Particulares."
seo-landing,/los-principales-peligros-de-fumar-mientras-conduces/,▷ Los principales peligros de FUMAR mientras conduces | Prisma Renting,,"Ofertas de Renting con todo incluido para Autónomos, Empresas y Particulares."
seo-landing,/los-todoterreno-que-triunfaran-en-2022/,Los todoterreno que triunfarán en 2022 | Prisma Renting,,"Ofertas de Renting con todo incluido para Autónomos, Empresas y Particulares."
seo-landing,/mejores-calas-menorca/,▷ Las mejores calas de Menorca | Prisma Renting,,"Ofertas de Renting con todo incluido para Autónomos, Empresas y Particulares."
seo-landing,/mejores-destinos-otono-espana/,▷ Los mejores destinos para visitar en otoño en España | Prisma Renting,,"Ofertas de Renting con todo incluido para Autónomos, Empresas y Particulares."
seo-landing,/mejores-juegos-coches-historia/,▷ Los mejores JUEGOS DE COCHES de la historia | Prisma Renting,,"Ofertas de Renting con todo incluido para Autónomos, Empresas y Particulares."
seo-landing,/mejores-libros-mundo-del-motor/,▷ Los mejores libros del mundo del motor | Prisma Renting,,"Ofertas de Renting con todo incluido para Autónomos, Empresas y Particulares."
seo-landing,/mejores-ofertas-coches-pymes/,Las mejores ofertas de coches para PYMES | Prisma Renting,,"Ofertas de Renting con todo incluido para Autónomos, Empresas y Particulares."
seo-landing,/mejores-playas-costa-brava/,▷ Las mejores playas de la COSTA BRAVA | Prisma Renting,,"Ofertas de Renting con todo incluido para Autónomos, Empresas y Particulares."
corporate,/nosotros/,NOSOTROS - Prisma Renting,Sobre nosotros,"Ofertas de Renting con todo incluido para Autónomos, Empresas y Particulares."
seo-landing,/nuevos-lanzamientos-coches-2021/,▷ Los nuevos lanzamientos de coches 2021 | Prisma Renting,,"Ofertas de Renting con todo incluido para Autónomos, Empresas y Particulares."
seo-landing,/oferta-no-disponible/,Página no disponible - Prisma Renting,,"Ofertas de Renting con todo incluido para Autónomos, Empresas y Particulares."
catalog,/ofertas-de-renting/,▷ Ofertas de renting baratas | RENTING BARATO | Prisma Renting,,"Ofertas de Renting con todo incluido para Autónomos, Empresas y Particulares."
catalog,/ofertas-de-renting/200-euros-mes/,▷ Renting 200 euros | Prisma Renting,Renting 200 euros,"Ofertas de Renting con todo incluido para Autónomos, Empresas y Particulares."
catalog,/ofertas-de-renting/250-euros-mes/,▷ Coches Renting por 250 euros | Prisma Renting,Coches Renting por 250 euros,"Ofertas de Renting con todo incluido para Autónomos, Empresas y Particulares."
catalog,/ofertas-de-renting/300-euros-mes/,▷ Renting 300 euros | Prisma Renting,Renting 300 euros,"Ofertas de Renting con todo incluido para Autónomos, Empresas y Particulares."
catalog,/ofertas-de-renting/abarth/,"▷ Renting Abarth | Particulares, autónomos y empresas ✔️✔️",Renting ABARTH,"Ofertas de Renting con todo incluido para Autónomos, Empresas y Particulares."
catalog,/ofertas-de-renting/alfa-romeo/,▷ Renting Alfa Romeo | SIN ENTRADA ✔️✔️,Renting ALFA ROMEO,"Ofertas de Renting con todo incluido para Autónomos, Empresas y Particulares."
catalog,/ofertas-de-renting/alfa-romeo/stelvio/,▷ Ofertas de RENTING ALFA ROMEO STELVIO | SIN ENTRADA ✔️✔️,Renting ALFA ROMEO Stelvio sin entrada,"Ofertas de Renting con todo incluido para Autónomos, Empresas y Particulares."
catalog,/ofertas-de-renting/aston-martin/,"▷ Renting Aston Martin | Particulares, autónomos y empresas ✔️",Renting ASTON MARTIN,"Ofertas de Renting con todo incluido para Autónomos, Empresas y Particulares."
catalog,/ofertas-de-renting/audi/,"▷ Renting Audi | Particulares, autónomos y empresas ✔️✔️",Renting AUDI,"Ofertas de Renting con todo incluido para Autónomos, Empresas y Particulares."
catalog,/ofertas-de-renting/audi/a1/,▷ Ofertas de RENTING AUDI A1 | SIN ENTRADA ✔️✔️,Renting AUDI A1 sin entrada,"Ofertas de Renting con todo incluido para Autónomos, Empresas y Particulares."
catalog,/ofertas-de-renting/audi/a4/,▷ Ofertas de RENTING AUDI A4 | SIN ENTRADA ✔️✔️,Renting AUDI A4 sin entrada,"Ofertas de Renting con todo incluido para Autónomos, Empresas y Particulares."
catalog,/ofertas-de-renting/audi/q2/,▷ Ofertas de RENTING AUDI Q2 | SIN ENTRADA ✔️✔️,Renting AUDI Q2 sin entrada,"Ofertas de Renting con todo incluido para Autónomos, Empresas y Particulares."
catalog,/ofertas-de-renting/audi/q3/,▷ Ofertas de RENTING AUDI Q3 | SIN ENTRADA ✔️✔️,Renting AUDI Q3 sin entrada,"Ofertas de Renting con todo incluido para Autónomos, Empresas y Particulares."
catalog,/ofertas-de-renting/audi/q5/,▷ Ofertas de RENTING AUDI Q3 | SIN ENTRADA ✔️✔️,Renting AUDI Q5 sin entrada,"Ofertas de Renting con todo incluido para Autónomos, Empresas y Particulares."
catalog,/ofertas-de-renting/bentley/,"▷ Renting Bentley | Particulares, autónomos y empresas ✔️",Renting BENTLEY,"Ofertas de Renting con todo incluido para Autónomos, Empresas y Particulares."
catalog,/ofertas-de-renting/bmw/,"▷ Renting BMW | Particulares, autónomos y empresas ✔️✔️",Renting BMW,"Ofertas de Renting con todo incluido para Autónomos, Empresas y Particulares."
catalog,/ofertas-de-renting/bmw/ix3/,▷ Ofertas de RENTING BMW IX3 | SIN ENTRADA ✔️✔️,Renting BMW iX3 sin entrada,"Ofertas de Renting con todo incluido para Autónomos, Empresas y Particulares."
catalog,/ofertas-de-renting/bmw/serie-1/,▷ Ofertas de RENTING BMW SERIE 1 | SIN ENTRADA ✔️✔️,Renting BMW Serie 1 sin entrada,"Ofertas de Renting con todo incluido para Autónomos, Empresas y Particulares."
catalog,/ofertas-de-renting/bmw/serie-2/,▷ Ofertas de RENTING BMW SERIE 2 | SIN ENTRADA ✔️✔️,Renting BMW Serie 2 sin entrada,"Ofertas de Renting con todo incluido para Autónomos, Empresas y Particulares."
catalog,/ofertas-de-renting/bmw/serie-4/,▷ Ofertas de RENTING BMW SERIE 4 | SIN ENTRADA ✔️✔️,Renting BMW Serie 4 sin entrada,"Ofertas de Renting con todo incluido para Autónomos, Empresas y Particulares."
catalog,/ofertas-de-renting/bmw/x1/,▷ Ofertas de RENTING BMW X1 | SIN ENTRADA ✔️✔️,Renting BMW X1 sin entrada,"Ofertas de Renting con todo incluido para Autónomos, Empresas y Particulares."
catalog,/ofertas-de-renting/bmw/x2/,▷ Ofertas de RENTING BMW X2 | SIN ENTRADA ✔️✔️,Renting BMW X2 sin entrada,"Ofertas de Renting con todo incluido para Autónomos, Empresas y Particulares."
catalog,/ofertas-de-renting/bmw/x3/,▷ Ofertas de RENTING BMW X3 | SIN ENTRADA ✔✔,Renting BMW X3 sin entrada,"Ofertas de Renting con todo incluido para Autónomos, Empresas y Particulares."
catalog,/ofertas-de-renting/bmw/x4/,▷ Ofertas de RENTING BMW X4 | SIN ENTRADA ✔️✔️,Renting BMW X4,"Ofertas de Renting con todo incluido para Autónomos, Empresas y Particulares."
catalog,/ofertas-de-renting/bmw/x5/,▷ Ofertas de RENTING BMW X5 | SIN ENTRADA ✔️✔️,Renting BMW X5,"Ofertas de Renting con todo incluido para Autónomos, Empresas y Particulares."
catalog,/ofertas-de-renting/citroen/,"▷ RENTING CITROEN | Particulares, autónomos y empresas ✔️✔️",Renting CITROEN,"Ofertas de Renting con todo incluido para Autónomos, Empresas y Particulares."
catalog,/ofertas-de-renting/citroen/berlingo/,▷ Ofertas de RENTING CITROEN BERLINGO | SIN ENTRADA ✔️✔️,Renting CITROEN Berlingo sin entrada,"Ofertas de Renting con todo incluido para Autónomos, Empresas y Particulares."
catalog,/ofertas-de-renting/citroen/c3-aircross/,▷ Ofertas de RENTING CITROEN C3 AIRCROSS | SIN ENTRADA ✔️✔️,Renting CITROEN C3 Aircross sin entrada,"Ofertas de Renting con todo incluido para Autónomos, Empresas y Particulares."
catalog,/ofertas-de-renting/citroen/c3/,▷ Ofertas de RENTING CITROEN C3 | SIN ENTRADA ✔️✔️,Renting CITROEN C3 sin entrada,"Ofertas de Renting con todo incluido para Autónomos, Empresas y Particulares."
catalog,/ofertas-de-renting/citroen/c4/,▷ Ofertas de RENTING CITROEN C4 | SIN ENTRADA ✔️✔️,Renting CITROEN C4 sin entrada,"Ofertas de Renting con todo incluido para Autónomos, Empresas y Particulares."
catalog,/ofertas-de-renting/citroen/c5-x/,▷ Ofertas de RENTING CITROEN C5 X | SIN ENTRADA ✔️✔️,Renting CITROEN C5 X sin entrada,"Ofertas de Renting con todo incluido para Autónomos, Empresas y Particulares."
catalog,/ofertas-de-renting/citroen/c5/,▷ Ofertas de RENTING CITROEN C5 AIRCROSS | SIN ENTRADA ✔️✔️,Renting CITROEN C5 Aircross sin entrada,"Ofertas de Renting con todo incluido para Autónomos, Empresas y Particulares."
catalog,/ofertas-de-renting/citroen/jumpy/,▷ Ofertas de RENTING CITROEN JUMPY | SIN ENTRADA ✔️✔️,Renting CITROEN Jumpy sin entrada,"Ofertas de Renting con todo incluido para Autónomos, Empresas y Particulares."
catalog,/ofertas-de-renting/cupra/,"▷ RENTING CUPRA | Particulares, autónomos y empresas ✔️✔️",Renting CUPRA,"Ofertas de Renting con todo incluido para Autónomos, Empresas y Particulares."
catalog,/ofertas-de-renting/cupra/formentor/,▷ Ofertas de RENTING CUPRA FORMENTOR | SIN ENTRADA ✔️✔️,Renting CUPRA Formentor sin entrada,"Ofertas de Renting con todo incluido para Autónomos, Empresas y Particulares."
catalog,/ofertas-de-renting/dacia/,"▷ Renting Dacia | Particulares, autónomos y empresas ✔️",Renting DACIA,"Ofertas de Renting con todo incluido para Autónomos, Empresas y Particulares."
catalog,/ofertas-de-renting/ds/,"▷ RENTING DS | Particulares, autónomos y empresas ✔️✔️",Renting DS,"Ofertas de Renting con todo incluido para Autónomos, Empresas y Particulares."
catalog,/ofertas-de-renting/ds/3-2/,▷ Ofertas de RENTING DS 3 | SIN ENTRADA ✔️✔️,Renting DS 3 sin entrada,"Ofertas de Renting con todo incluido para Autónomos, Empresas y Particulares."
catalog,/ofertas-de-renting/ds/4-2/,▷ Ofertas de RENTING DS 3 | SIN ENTRADA ✔️✔️,Renting DS 4 sin entrada,"Ofertas de Renting con todo incluido para Autónomos, Empresas y Particulares."
catalog,/ofertas-de-renting/ds/7-2/,▷ Ofertas de RENTING DS 7 | SIN ENTRADA ✔️✔️,Renting DS 7 sin entrada,"Ofertas de Renting con todo incluido para Autónomos, Empresas y Particulares."
catalog,/ofertas-de-renting/ds/9-2/,▷ Ofertas de RENTING DS 9 | SIN ENTRADA ✔️✔️,Renting DS 9 sin entrada,"Ofertas de Renting con todo incluido para Autónomos, Empresas y Particulares."
catalog,/ofertas-de-renting/fiat/,"▷ RENTING FIAT | Particulares, autónomos y empresas ✔️✔️",Renting FIAT,"Ofertas de Renting con todo incluido para Autónomos, Empresas y Particulares."
catalog,/ofertas-de-renting/fiat/500-2/,▷ Ofertas de RENTING FIAT 500 | SIN ENTRADA ✔️✔️,Renting FIAT 500 sin entrada,"Ofertas de Renting con todo incluido para Autónomos, Empresas y Particulares."
catalog,/ofertas-de-renting/fiat/500l/,▷ Ofertas de RENTING FIAT 500L | SIN ENTRADA ✔️✔️,Renting FIATL 500 sin entrada,"Ofertas de Renting con todo incluido para Autónomos, Empresas y Particulares."
catalog,/ofertas-de-renting/fiat/doblo-cargo/,▷ Ofertas de RENTING FIAT DOBLO CARGO | SIN ENTRADA ✔️✔️,Renting FIAT Doblo Cargo sin entrada,"Ofertas de Renting con todo incluido para Autónomos, Empresas y Particulares."
catalog,/ofertas-de-renting/fiat/ducato/,▷ Ofertas de RENTING FIAT DUCATO | SIN ENTRADA ✔️✔️,Renting FIAT Ducato sin entrada,"Ofertas de Renting con todo incluido para Autónomos, Empresas y Particulares."
catalog,/ofertas-de-renting/fiat/fiorino/,▷ Ofertas de RENTING FIAT FIORINO | SIN ENTRADA ✔️✔️,Renting FIAT Fiorino sin entrada,"Ofertas de Renting con todo incluido para Autónomos, Empresas y Particulares."
catalog,/ofertas-de-renting/fiat/scudo/,▷ Ofertas de RENTING FIAT SCUDO | SIN ENTRADA ✔️✔️,Renting FIAT Scudo sin entrada,"Ofertas de Renting con todo incluido para Autónomos, Empresas y Particulares."
catalog,/ofertas-de-renting/fiat/talento/,▷ Ofertas de RENTING FIAT TALENTO | SIN ENTRADA ✔️✔️,Renting FIAT Talento sin entrada,"Ofertas de Renting con todo incluido para Autónomos, Empresas y Particulares."
catalog,/ofertas-de-renting/fiat/tipo/,▷ Ofertas de RENTING FIAT TIPO | SIN ENTRADA ✔️✔️,Renting FIAT Tipo sin entrada,"Ofertas de Renting con todo incluido para Autónomos, Empresas y Particulares."
catalog,/ofertas-de-renting/ford/,"▷ RENTING FORD | Particulares, autónomos y empresas ✔️✔️",Renting FORD,"Ofertas de Renting con todo incluido para Autónomos, Empresas y Particulares."
catalog,/ofertas-de-renting/ford/fiesta/,▷ Ofertas de RENTING FORD FIESTA | SIN ENTRADA ✔️✔️,Renting FORD Fiesta sin entrada,"Ofertas de Renting con todo incluido para Autónomos, Empresas y Particulares."
catalog,/ofertas-de-renting/ford/focus/,▷ Ofertas de RENTING FORD FOCUS | SIN ENTRADA ✔️✔️,Renting FORD Focus sin entrada,"Ofertas de Renting con todo incluido para Autónomos, Empresas y Particulares."
catalog,/ofertas-de-renting/ford/kuga/,▷ Ofertas de RENTING FORD KUGA | SIN ENTRADA ✔️✔️,Renting FORD Kuga sin entrada,"Ofertas de Renting con todo incluido para Autónomos, Empresas y Particulares."
catalog,/ofertas-de-renting/ford/puma/,▷ Ofertas de RENTING FORD PUMA | SIN ENTRADA ✔️✔️,Renting FORD Puma sin entrada,"Ofertas de Renting con todo incluido para Autónomos, Empresas y Particulares."
catalog,/ofertas-de-renting/ford/transit-courier-van/,▷ RENTING FORD TRANSIT COURIER VAN | SIN ENTRADA ✔️✔️,Renting FORD Transit Courier VAN sin entrada,"Ofertas de Renting con todo incluido para Autónomos, Empresas y Particulares."
catalog,/ofertas-de-renting/ford/transit-tf-350/,▷ Ofertas de RENTING FORD TRANSIT TF350 | SIN ENTRADA ✔️✔️,Renting FORD Transit TF350 sin entrada,"Ofertas de Renting con todo incluido para Autónomos, Empresas y Particulares."
catalog,/ofertas-de-renting/honda/,"▷ Renting Honda | Particulares, autónomos y empresas ✔️✔️",Ofertas renting HONDA,"Ofertas de Renting con todo incluido para Autónomos, Empresas y Particulares."
catalog,/ofertas-de-renting/hyundai-2/,▷ Oferta de RENTING HYUNDAI | Todo incluido | SIN ENTRADA ✔️✔️,Renting HYUNDAI,"Ofertas de Renting con todo incluido para Autónomos, Empresas y Particulares."
catalog,/ofertas-de-renting/hyundai-2/bayon/,▷ Ofertas de RENTING HYUNDAI I30 | SIN ENTRADA ✔️✔️,Renting HYUNDAI Bayon,"Ofertas de Renting con todo incluido para Autónomos, Empresas y Particulares."
catalog,/ofertas-de-renting/hyundai-2/i20/,▷ Ofertas de RENTING HYUNDAI I20 | SIN ENTRADA ✔️✔️,Renting HYUNDAI I20 sin entrada,"Ofertas de Renting con todo incluido para Autónomos, Empresas y Particulares."
catalog,/ofertas-de-renting/hyundai-2/kona/,▷ Ofertas de RENTING HYUNDAI KONA | SIN ENTRADA ✔️✔️,Renting HYUNDAI Kona sin entrada,"Ofertas de Renting con todo incluido para Autónomos, Empresas y Particulares."
catalog,/ofertas-de-renting/hyundai-2/pagina-del-hyundai-i30/,▷ Ofertas de RENTING HYUNDAI I30 | SIN ENTRADA ✔️✔️,Renting HYUNDAI I30 sin entrada,"Ofertas de Renting con todo incluido para Autónomos, Empresas y Particulares."
catalog,/ofertas-de-renting/hyundai-2/tucson/,▷ Ofertas de RENTING HYUNDAI Tucson | SIN ENTRADA ✔️✔️,Renting HYUNDAI Tucson sin entrada,"Ofertas de Renting con todo incluido para Autónomos, Empresas y Particulares."
vehicle,/ofertas-de-renting/hyundai/bayon/hyundai-bayon-2/,▷ RENTING HYUNDAI BAYON para particulares | Desde 340€,Renting HYUNDAI Bayon,"Ofertas de Renting con todo incluido para Autónomos, Empresas y Particulares."
vehicle,/ofertas-de-renting/hyundai/i20/hyundai-i20/,▷ RENTING HYUNDAI I20 para particulares | Desde 307 €/mes ✔️✔️,Renting HYUNDAI I20,"Ofertas de Renting con todo incluido para Autónomos, Empresas y Particulares."
vehicle,/ofertas-de-renting/hyundai/i30/hyundai-i30/,▷ RENTING HYUNDAI I30 para particulares | Desde 330 €/mes ✔️✔️,Renting HYUNDAI I30,"Ofertas de Renting con todo incluido para Autónomos, Empresas y Particulares."
vehicle,/ofertas-de-renting/hyundai/kona/hyundai-kona/,▷ RENTING HYUNDAI KONA para particulares | Desde 409 €/mes ✔️✔️,Renting HYUNDAI Kona,"Ofertas de Renting con todo incluido para Autónomos, Empresas y Particulares."
vehicle,/ofertas-de-renting/hyundai/tucson/hyundai-tucson/,▷ RENTING HYUNDAI TUCSON para particulares | Desde 415€,Renting HYUNDAI Tucson,"Ofertas de Renting con todo incluido para Autónomos, Empresas y Particulares."
catalog,/ofertas-de-renting/jaguar/,"▷ Renting Jaguar | Particulares, autónomos y empresas ✔️",Ofertas renting JAGUAR,"Ofertas de Renting con todo incluido para Autónomos, Empresas y Particulares."
catalog,/ofertas-de-renting/jeep/,"▷ RENTING JEEP | Particulares, autónomos y empresas ✔️✔️",Renting JEEP,"Ofertas de Renting con todo incluido para Autónomos, Empresas y Particulares."
catalog,/ofertas-de-renting/jeep/compass/,▷ Ofertas de RENTING JEEP COMPASS | SIN ENTRADA ✔️✔️,Renting JEEP Compass sin entrada,"Ofertas de Renting con todo incluido para Autónomos, Empresas y Particulares."
vehicle,/ofertas-de-renting/jeep/compass/jeep-compass-2/,▷ Renting JEEP COMPASS para particulares | Desde 437€/mes ✔️✔️,Renting JEEP Compass,"Ofertas de Renting con todo incluido para Autónomos, Empresas y Particulares."
vehicle,/ofertas-de-renting/jeep/compass/jeep-compass-3/,"▷ RENTING JEEP COMPASS para particulares | Desde 361,9834711 €/mes ✔️✔️",Renting JEEP Compass,"Ofertas de Renting con todo incluido para Autónomos, Empresas y Particulares."
vehicle,/ofertas-de-renting/jeep/compass/jeep-compass-4/,▷ RENTING JEEP COMPASS para particulares | Desde 0 €/mes ✔️✔️,Renting JEEP Compass,"Ofertas de Renting con todo incluido para Autónomos, Empresas y Particulares."
vehicle,/ofertas-de-renting/jeep/compass/jeep-compass-5/,▷ RENTING JEEP COMPASS para particulares | Desde 600€/mes ✔️✔️,Renting JEEP Compass,"Ofertas de Renting con todo incluido para Autónomos, Empresas y Particulares."
vehicle,/ofertas-de-renting/jeep/compass/jeep-compass-6/,▷ RENTING JEEP COMPASS para particulares | Desde 437 €/mes ✔️✔️,Renting JEEP Compass,"Ofertas de Renting con todo incluido para Autónomos, Empresas y Particulares."
vehicle,/ofertas-de-renting/jeep/compass/jeep-compass/,▷ Renting JEEP COMPASS para particulares | Desde 363 €/mes ✔️✔️,Renting JEEP Compass,"Ofertas de Renting con todo incluido para Autónomos, Empresas y Particulares."
catalog,/ofertas-de-renting/jeep/wrangler/,▷ Ofertas de RENTING JEEP WRANGLER | SIN ENTRADA ✔️✔️,Renting JEEP Wrangler sin entrada,"Ofertas de Renting con todo incluido para Autónomos, Empresas y Particulares."
vehicle,/ofertas-de-renting/jeep/wrangler/jeep-wrangler/,▷ RENTING JEEP WRANGLER particulares | Desde 1243 €/mes ✔️✔️,Renting JEEP Wrangler,"Ofertas de Renting con todo incluido para Autónomos, Empresas y Particulares."
catalog,/ofertas-de-renting/kia/,"▷ RENTING KIA | Particulares, autónomos y empresas ✔️✔️",Renting KIA,"Ofertas de Renting con todo incluido para Autónomos, Empresas y Particulares."
catalog,/ofertas-de-renting/kia/ceed/,▷ Ofertas de RENTING KIA CEED | SIN ENTRADA ✔️✔️,Renting KIA Ceed sin entrada,"Ofertas de Renting con todo incluido para Autónomos, Empresas y Particulares."
vehicle,/ofertas-de-renting/kia/ceed/kia-ceed-2/,▷ Renting KIA CEED para particulares | Desde 273 €/mes ✔️✔️,Renting KIA Ceed,"Ofertas de Renting con todo incluido para Autónomos, Empresas y Particulares."
vehicle,/ofertas-de-renting/kia/ceed/kia-ceed-3/,▷ RENTING KIA CEED para particulares | Desde 348 €/mes ✔️✔️,Renting KIA Ceed,"Ofertas de Renting con todo incluido para Autónomos, Empresas y Particulares."
vehicle,/ofertas-de-renting/kia/ceed/kia-ceed/,▷ Renting KIA CEED para particulares | Desde 268 €/mes ✔️✔️,Renting KIA Ceed,"Ofertas de Renting con todo incluido para Autónomos, Empresas y Particulares."
catalog,/ofertas-de-renting/kia/new-sportage/,▷ Ofertas de RENTING KIA NEW SPORTAGE | SIN ENTRADA ✔️✔️,Renting KIA New Sportage sin entrada,"Ofertas de Renting con todo incluido para Autónomos, Empresas y Particulares."
vehicle,/ofertas-de-renting/kia/new-sportage/kia-new-sportage-2022-2/,▷ RENTING KIA NEW SPORTAGE para particulares | Desde 438€ ✔️✔️,Renting KIA New Sportage,"Ofertas de Renting con todo incluido para Autónomos, Empresas y Particulares."
vehicle,/ofertas-de-renting/kia/new-sportage/kia-new-sportage-2022/,▷ RENTING KIA NEW SPORTAGE para particulares | Desde 383 €,Renting KIA New Sportage,"Ofertas de Renting con todo incluido para Autónomos, Empresas y Particulares."
catalog,/ofertas-de-renting/kia/niro/,▷ Ofertas de RENTING KIA NIRO | SIN ENTRADA ✔️✔️,Renting KIA Niro sin entrada,"Ofertas de Renting con todo incluido para Autónomos, Empresas y Particulares."
vehicle,/ofertas-de-renting/kia/niro/kia-niro-2/,▷ Renting KIA NIRO para particulares | Desde 339 €/mes ✔️✔️,Renting KIA Niro,"Ofertas de Renting con todo incluido para Autónomos, Empresas y Particulares."
vehicle,/ofertas-de-renting/kia/niro/kia-niro-3/,▷ RENTING KIA NIRO para particulares | Desde 428 €/mes ✔️✔️,Renting KIA Niro,"Ofertas de Renting con todo incluido para Autónomos, Empresas y Particulares."
vehicle,/ofertas-de-renting/kia/niro/kia-niro-4/,▷ RENTING KIA NIRO para particulares | Desde 428 €/mes ✔️✔️,Renting KIA Niro,"Ofertas de Renting con todo incluido para Autónomos, Empresas y Particulares."
vehicle,/ofertas-de-renting/kia/niro/kia-niro/,▷ Renting KIA NIRO para particulares | Desde 434 €/mes ✔️✔️,Renting KIA Niro,"Ofertas de Renting con todo incluido para Autónomos, Empresas y Particulares."
catalog,/ofertas-de-renting/kia/picanto/,▷ Ofertas de RENTING KIA PICANTO | SIN ENTRADA ✔️✔️,Renting KIA Picanto sin entrada,"Ofertas de Renting con todo incluido para Autónomos, Empresas y Particulares."
vehicle,/ofertas-de-renting/kia/picanto/kia-picanto-2/,▷ RENTING KIA PICANTO para particulares | Desde 250 €/mes ✔️✔️,Renting KIA Picanto,"Ofertas de Renting con todo incluido para Autónomos, Empresas y Particulares."
vehicle,/ofertas-de-renting/kia/picanto/kia-picanto/,▷ Renting KIA PICANTO para particulares | Desde 250 €/mes ✔️✔️,Renting KIA Picanto,"Ofertas de Renting con todo incluido para Autónomos, Empresas y Particulares."
catalog,/ofertas-de-renting/kia/sportage/,▷ Ofertas de RENTING KIA SPORTAGE | SIN ENTRADA ✔️✔️,Renting KIA Sportage sin entrada,"Ofertas de Renting con todo incluido para Autónomos, Empresas y Particulares."
vehicle,/ofertas-de-renting/kia/sportage/kia-sportage-3/,▷ RENTING KIA SPORTAGE para particulares | Desde 301 €/mes ✔️✔️,Renting KIA Sportage,"Ofertas de Renting con todo incluido para Autónomos, Empresas y Particulares."
vehicle,/ofertas-de-renting/kia/sportage/kia-sportage-5/,▷ RENTING KIA SPORTAGE para particulares | Desde 331 €/mes ✔️✔️,Renting KIA Sportage,"Ofertas de Renting con todo incluido para Autónomos, Empresas y Particulares."
vehicle,/ofertas-de-renting/kia/sportage/kia-sportage/,▷ RENTING KIA SPORTAGE para particulares | Desde 369 €/mes ✔️✔️,Renting KIA Sportage,"Ofertas de Renting con todo incluido para Autónomos, Empresas y Particulares."
catalog,/ofertas-de-renting/kia/stonic/,▷ Ofertas de RENTING KIA STONIC | SIN ENTRADA ✔️✔️,Renting KIA Stonic sin entrada,"Ofertas de Renting con todo incluido para Autónomos, Empresas y Particulares."
vehicle,/ofertas-de-renting/kia/stonic/kia-stonic-10/,▷ RENTING KIA STONIC para particulares | Desde 268 €/mes ✔️✔️,Renting KIA Stonic,"Ofertas de Renting con todo incluido para Autónomos, Empresas y Particulares."
vehicle,/ofertas-de-renting/kia/stonic/kia-stonic-11/,▷ RENTING KIA STONIC para particulares | Desde 237 €/mes ✔️✔️,Renting KIA Stonic,"Ofertas de Renting con todo incluido para Autónomos, Empresas y Particulares."
vehicle,/ofertas-de-renting/kia/stonic/kia-stonic-2/,▷ Renting KIA STONIC para particulares | Desde 280 €/mes ✔️✔️,Renting KIA Stonic,"Ofertas de Renting con todo incluido para Autónomos, Empresas y Particulares."
vehicle,/ofertas-de-renting/kia/stonic/kia-stonic-3/,▷ RENTING para particulares | Desde 0 €/mes ✔️✔️,Renting KIA Stonic,"Ofertas de Renting con todo incluido para Autónomos, Empresas y Particulares."
vehicle,/ofertas-de-renting/kia/stonic/kia-stonic-4/,▷ RENTING KIA STONIC para particulares | Desde 279 €/mes ✔️✔️,Renting KIA Stonic,"Ofertas de Renting con todo incluido para Autónomos, Empresas y Particulares."
vehicle,/ofertas-de-renting/kia/stonic/kia-stonic-6/,▷ RENTING KIA STONIC para particulares | Desde 306 €/mes ✔️✔️,Renting KIA Stonic,"Ofertas de Renting con todo incluido para Autónomos, Empresas y Particulares."
vehicle,/ofertas-de-renting/kia/stonic/kia-stonic-8/,▷ RENTING KIA STONIC para particulares | Desde 253 €/mes ✔️✔️,Renting KIA Stonic,"Ofertas de Renting con todo incluido para Autónomos, Empresas y Particulares."
vehicle,/ofertas-de-renting/kia/stonic/kia-stonic-9/,▷ RENTING KIA STONIC para particulares | Desde 270 €/mes ✔️✔️,Renting KIA Stonic,"Ofertas de Renting con todo incluido para Autónomos, Empresas y Particulares."
vehicle,/ofertas-de-renting/kia/stonic/kia-stonic/,▷ Renting KIA STONIC para particulares | Desde 229 €/mes ✔️✔️,Renting KIA Stonic,"Ofertas de Renting con todo incluido para Autónomos, Empresas y Particulares."
catalog,/ofertas-de-renting/kia/xceed/,▷ Ofertas de RENTING KIA XCEED | SIN ENTRADA ✔️✔️,Renting KIA XCeed sin entrada,"Ofertas de Renting con todo incluido para Autónomos, Empresas y Particulares."
vehicle,/ofertas-de-renting/kia/xceed/kia-xceed-4/,▷ Renting KIA XCEED para particulares | Desde 305 €/mes ✔️✔️,Renting KIA Xceed,"Ofertas de Renting con todo incluido para Autónomos, Empresas y Particulares."
vehicle,/ofertas-de-renting/kia/xceed/kia-xceed-5/,▷ Renting KIA XCEED para particulares | Desde 401 €/mes ✔️✔️,Renting KIA Xceed,"Ofertas de Renting con todo incluido para Autónomos, Empresas y Particulares."
vehicle,/ofertas-de-renting/kia/xceed/kia-xceed-6/,▷ RENTING KIA XCEED para particulares | Desde 360 €/mes ✔️✔️,Renting KIA Xceed,"Ofertas de Renting con todo incluido para Autónomos, Empresas y Particulares."
vehicle,/ofertas-de-renting/kia/xceed/kia-xceed-7/,▷ RENTING KIA XCEED para particulares | Desde 360 €/mes ✔️✔️,Renting KIA Xceed,"Ofertas de Renting con todo incluido para Autónomos, Empresas y Particulares."
catalog,/ofertas-de-renting/lamborghini/,"▷ Renting Lamborghini | Particulares, autónomos y empresas ✔️",Renting LAMBORGHINI,"Ofertas de Renting con todo incluido para Autónomos, Empresas y Particulares."
catalog,/ofertas-de-renting/land-rover/,"▷ Renting Land Rover | Particulares, autónomos y empresas ✔️",Renting LAND ROVER,"Ofertas de Renting con todo incluido para Autónomos, Empresas y Particulares."
catalog,/ofertas-de-renting/lexus/,"▷ RENTING LEXUS | Particulares, autónomos y empresas ✔️✔️",Renting LEXUS,"Ofertas de Renting con todo incluido para Autónomos, Empresas y Particulares."
catalog,/ofertas-de-renting/lexus/nx/,▷ Ofertas de RENTING LEXUS UX | SIN ENTRADA ✔️✔️,Renting LEXUS Nx sin entrada,"Ofertas de Renting con todo incluido para Autónomos, Empresas y Particulares."
vehicle,/ofertas-de-renting/lexus/nx/lexus-nx/,▷ RENTING LEXUS NX para particulares | Desde 761 €/mes ✔️✔️,Renting LEXUS Nx,"Ofertas de Renting con todo incluido para Autónomos, Empresas y Particulares."
catalog,/ofertas-de-renting/lexus/ux/,▷ Ofertas de RENTING LEXUS UX | SIN ENTRADA ✔️✔️,Renting LEXUS Ux sin entrada,"Ofertas de Renting con todo incluido para Autónomos, Empresas y Particulares."
vehicle,/ofertas-de-renting/lexus/ux/lexus-ux-2/,▷ Renting LEXUS UX para particulares | Desde 348 €/mes ✔️✔️,Renting LEXUS Ux,"Ofertas de Renting con todo incluido para Autónomos, Empresas y Particulares."
vehicle,/ofertas-de-renting/lexus/ux/lexus-ux-3/,▷ RENTING LEXUS UX para particulares | Desde 354 €/mes ✔️✔️,Renting LEXUS UX,"Ofertas de Renting con todo incluido para Autónomos, Empresas y Particulares."
vehicle,/ofertas-de-renting/lexus/ux/lexus-ux-4/,▷ RENTING LEXUS UX para particulares | Desde 387 €/mes ✔️✔️,Renting LEXUS Ux,"Ofertas de Renting con todo incluido para Autónomos, Empresas y Particulares."
vehicle,/ofertas-de-renting/lexus/ux/lexus-ux-5/,▷ RENTING LEXUS UX para particulares | Desde 573 €/mes ✔️✔️,Renting LEXUS Ux,"Ofertas de Renting con todo incluido para Autónomos, Empresas y Particulares."
vehicle,/ofertas-de-renting/lexus/ux/lexus-ux/,▷ Renting LEXUS UX para particulares | Desde 345 €/mes ✔️✔️,Renting LEXUS Ux,"Ofertas de Renting con todo incluido para Autónomos, Empresas y Particulares."
vehicle,/ofertas-de-renting/marcas-de-renting/alfa-romeo/alfa-romeo-stelvio/,▷ RENTING ALFA ROMEO STELVIO para particulares | Desde 579€,Renting ALFA ROMEO Stelvio,"Ofertas de Renting con todo incluido para Autónomos, Empresas y Particulares."
vehicle,/ofertas-de-renting/marcas-de-renting/audi/audi-a1-2/,▷ RENTING AUDI A1 para particulares | Desde 320 €/mes ✔️✔️,Renting AUDI A1,"Ofertas de Renting con todo incluido para Autónomos, Empresas y Particulares."
vehicle,/ofertas-de-renting/marcas-de-renting/audi/audi-a1/,▷ RENTING AUDI A1 para particulares | Desde 361 €/mes ✔️✔️,Renting AUDI A1,"Ofertas de Renting con todo incluido para Autónomos, Empresas y Particulares."
vehicle,/ofertas-de-renting/marcas-de-renting/audi/audi-a4/,▷ RENTING AUDI A4 para particulares | Desde 578 €/mes ✔️✔️,Renting AUDI A4,"Ofertas de Renting con todo incluido para Autónomos, Empresas y Particulares."
vehicle,/ofertas-de-renting/marcas-de-renting/audi/audi-q2-2/,▷ RENTING AUDI Q2 para particulares | Desde 390 €/mes ✔️✔️,Renting AUDI Q2,"Ofertas de Renting con todo incluido para Autónomos, Empresas y Particulares."
vehicle,/ofertas-de-renting/marcas-de-renting/audi/audi-q2/,▷ RENTING AUDI Q2 para particulares | Desde 321 €/mes ✔️✔️,Renting AUDI Q2,"Ofertas de Renting con todo incluido para Autónomos, Empresas y Particulares."
vehicle,/ofertas-de-renting/marcas-de-renting/audi/audi-q3-2/,▷ RENTING AUDI Q3 Sportback Advanced | PRISMA RENTING,Renting AUDI Q3,"Ofertas de Renting con todo incluido para Autónomos, Empresas y Particulares."
vehicle,/ofertas-de-renting/marcas-de-renting/audi/audi-q3-3/,▷ RENTING AUDI Q3 para particulares | Desde 461 €/mes ✔️✔️,Renting AUDI Q3,"Ofertas de Renting con todo incluido para Autónomos, Empresas y Particulares."
vehicle,/ofertas-de-renting/marcas-de-renting/audi/audi-q3-4/,▷ RENTING AUDI Q3 para particulares | Desde 466 €/mes ✔️✔️,Renting AUDI Q3,"Ofertas de Renting con todo incluido para Autónomos, Empresas y Particulares."
vehicle,/ofertas-de-renting/marcas-de-renting/audi/audi-q3/,▷ Renting AUDI Q3 para particulares | Desde 487 €/mes ✔️✔️,Renting AUDI Q3,"Ofertas de Renting con todo incluido para Autónomos, Empresas y Particulares."
vehicle,/ofertas-de-renting/marcas-de-renting/audi/audi-q5-2/,▷ RENTING AUDI Q5 para particulares | Desde 623 €/mes ✔️✔️,Renting AUDI Q5,"Ofertas de Renting con todo incluido para Autónomos, Empresas y Particulares."
vehicle,/ofertas-de-renting/marcas-de-renting/audi/audi-q5-3/,▷ RENTING AUDI Q5 para particulares | Desde 618 €/mes ✔️✔️,Renting AUDI Q5,"Ofertas de Renting con todo incluido para Autónomos, Empresas y Particulares."
vehicle,/ofertas-de-renting/marcas-de-renting/audi/audi-q5-4/,▷ RENTING AUDI Q5 para particulares | Desde 664 €/mes ✔️✔️,Renting AUDI Q5,"Ofertas de Renting con todo incluido para Autónomos, Empresas y Particulares."
vehicle,/ofertas-de-renting/marcas-de-renting/audi/audi-q5/,▷ Renting AUDI Q5 para particulares | Desde 608 €/mes ✔️✔️,Renting AUDI Q5,"Ofertas de Renting con todo incluido para Autónomos, Empresas y Particulares."
vehicle,/ofertas-de-renting/marcas-de-renting/bmw/bmw-ix3-80kwh/,▷ Renting BMW iX3 para particulares | Desde 880 €/mes ✔️✔️,Renting BMW iX3 80kWh,"Ofertas de Renting con todo incluido para Autónomos, Empresas y Particulares."
vehicle,/ofertas-de-renting/marcas-de-renting/bmw/bmw-serie-1-116d/,▷ RENTING BMW Serie 1 | RENTING SIN ENTRADA | PRISMA RENTING,Renting BMW Serie 1,"Ofertas de Renting con todo incluido para Autónomos, Empresas y Particulares."
vehicle,/ofertas-de-renting/marcas-de-renting/bmw/bmw-serie-1/,▷ Renting BMW SERIE 1 para particulares | Desde 410 €/mes ✔️✔️,Renting BMW Serie 1,"Ofertas de Renting con todo incluido para Autónomos, Empresas y Particulares."
vehicle,/ofertas-de-renting/marcas-de-renting/bmw/bmw-serie-2-2/,▷ Renting BMW SERIE 2 para particulares | Desde 325 €/mes ✔️✔️,Renting BMW Serie 2,"Ofertas de Renting con todo incluido para Autónomos, Empresas y Particulares."
vehicle,/ofertas-de-renting/marcas-de-renting/bmw/bmw-serie-2-218i-gran-coupe/,▷ RENTING BMW Serie 2 | RENTING SIN ENTRADA | PRISMA RENTING,Renting BMW Serie 2 GC,"Ofertas de Renting con todo incluido para Autónomos, Empresas y Particulares."
vehicle,/ofertas-de-renting/marcas-de-renting/bmw/bmw-serie-2-3/,▷ RENTING BMW SERIE 2 para particulares | Desde 455 €/mes ✔️✔️,Renting BMW Serie 2,"Ofertas de Renting con todo incluido para Autónomos, Empresas y Particulares."
vehicle,/ofertas-de-renting/marcas-de-renting/bmw/bmw-serie-2/,▷ Renting BMW SERIE 2 diesel | Desde 364 €/mes ✔️✔️,Renting BMW Serie 2,"Ofertas de Renting con todo incluido para Autónomos, Empresas y Particulares."
vehicle,/ofertas-de-renting/marcas-de-renting/bmw/bmw-serie-4/,▷ RENTING BMW SERIE 4 para particulares | Desde 681 €/mes ✔️✔️,Renting BMW Serie 4,"Ofertas de Renting con todo incluido para Autónomos, Empresas y Particulares."
vehicle,/ofertas-de-renting/marcas-de-renting/bmw/bmw-x1-2/,▷ Renting BMW X1 para particulares | Desde 407 €/mes ✔️✔️,Renting BMW X1,"Ofertas de Renting con todo incluido para Autónomos, Empresas y Particulares."
vehicle,/ofertas-de-renting/marcas-de-renting/bmw/bmw-x1-3/,▷ RENTING BMW X1 para particulares | Desde 407 €/mes ✔️✔️,Renting BMW X1,"Ofertas de Renting con todo incluido para Autónomos, Empresas y Particulares."
vehicle,/ofertas-de-renting/marcas-de-renting/bmw/bmw-x1-4/,▷ RENTING BMW X1 para particulares | Desde 540 €/mes ✔️✔️,Renting BMW X1,"Ofertas de Renting con todo incluido para Autónomos, Empresas y Particulares."
vehicle,/ofertas-de-renting/marcas-de-renting/bmw/bmw-x1-xdrive-25e/,▷ RENTING BMW X1 | RENTING SIN ENTRADA | PRISMA RENTING,Renting BMW X1 (Hibrido),"Ofertas de Renting con todo incluido para Autónomos, Empresas y Particulares."
vehicle,/ofertas-de-renting/marcas-de-renting/bmw/bmw-x1/,▷ RENTING BMW X1 | RENTING SIN ENTRADA | PRISMA RENTING,Renting BMW X1,"Ofertas de Renting con todo incluido para Autónomos, Empresas y Particulares."
vehicle,/ofertas-de-renting/marcas-de-renting/bmw/bmw-x2-2/,▷ RENTING BMW X2 para particulares | Desde 575 €/mes ✔️✔️,Renting BMW X2,"Ofertas de Renting con todo incluido para Autónomos, Empresas y Particulares."
vehicle,/ofertas-de-renting/marcas-de-renting/bmw/bmw-x2/,▷ Renting BMW X2 para particulares | Desde 416 €/mes ✔️✔️,Renting BMW X2,"Ofertas de Renting con todo incluido para Autónomos, Empresas y Particulares."
vehicle,/ofertas-de-renting/marcas-de-renting/bmw/bmw-x3/,▷ RENTING BMW X3 para particulares | Desde 624 €/mes ✔️✔️,Renting BMW X3,"Ofertas de Renting con todo incluido para Autónomos, Empresas y Particulares."
vehicle,/ofertas-de-renting/marcas-de-renting/bmw/bmw-x4/,▷ Renting BMW X4 para particulares | Desde 790 €/mes ✔️✔️,Renting BMW X4,"Ofertas de Renting con todo incluido para Autónomos, Empresas y Particulares."
vehicle,/ofertas-de-renting/marcas-de-renting/bmw/bmw-x5/,▷ RENTING BMW X5 para particulares | Desde 1040 €/mes ✔️✔️,Renting BMW X5,"Ofertas de Renting con todo incluido para Autónomos, Empresas y Particulares."
vehicle,/ofertas-de-renting/marcas-de-renting/citroen/citroen-berlingo-2/,▷ RENTING CITROEN BERLINGO para particulares | Desde 277€,Renting CITROEN Berlingo,"Ofertas de Renting con todo incluido para Autónomos, Empresas y Particulares."
vehicle,/ofertas-de-renting/marcas-de-renting/citroen/citroen-berlingo/,▷ Renting CITROEN BERLINGO empresas | Desde 231 €/mes ✔️✔️,Renting CITROEN Berlingo,"Ofertas de Renting con todo incluido para Autónomos, Empresas y Particulares."
vehicle,/ofertas-de-renting/marcas-de-renting/citroen/citroen-c3-2/,▷ Renting CITROEN C3 para particulares | Desde 250 €/mes ✔️✔️,Renting CITROEN C3,"Ofertas de Renting con todo incluido para Autónomos, Empresas y Particulares."
vehicle,/ofertas-de-renting/marcas-de-renting/citroen/citroen-c3-3/,▷ RENTING CITROEN C3 para particulares | Desde 252 €/mes ✔️✔️,Renting CITROEN C3,"Ofertas de Renting con todo incluido para Autónomos, Empresas y Particulares."
vehicle,/ofertas-de-renting/marcas-de-renting/citroen/citroen-c3-4/,▷ RENTING CITROEN C3 para particulares | Desde 255 €/mes ✔️✔️,Renting CITROEN C3,"Ofertas de Renting con todo incluido para Autónomos, Empresas y Particulares."
vehicle,/ofertas-de-renting/marcas-de-renting/citroen/citroen-c3-5/,▷ RENTING CITROEN C3 para particulares | Desde 247 €/mes ✔️✔️,Renting CITROEN C3,"Ofertas de Renting con todo incluido para Autónomos, Empresas y Particulares."
vehicle,/ofertas-de-renting/marcas-de-renting/citroen/citroen-c3-6/,▷ RENTING CITROEN C3 para particulares | Desde 275 €/mes ✔️✔️,Renting CITROEN C3,"Ofertas de Renting con todo incluido para Autónomos, Empresas y Particulares."
vehicle,/ofertas-de-renting/marcas-de-renting/citroen/citroen-c3-7/,▷ RENTING CITROEN C3 para particulares | Desde 275 €/mes ✔️✔️,Renting CITROEN C3,"Ofertas de Renting con todo incluido para Autónomos, Empresas y Particulares."
vehicle,/ofertas-de-renting/marcas-de-renting/citroen/citroen-c3-aircross-2/,▷ RENTING CITROEN C3 AIRCROSS para particulares | Desde 255 €/mes ✔️✔️,Renting CITROEN C3 Aircross,"Ofertas de Renting con todo incluido para Autónomos, Empresas y Particulares."
vehicle,/ofertas-de-renting/marcas-de-renting/citroen/citroen-c3-aircross-4/,▷ RENTING CITROEN C3 AIRCROSS | Desde 243€,Renting CITROEN C3 Aircross,"Ofertas de Renting con todo incluido para Autónomos, Empresas y Particulares."
vehicle,/ofertas-de-renting/marcas-de-renting/citroen/citroen-c3-aircross/,▷ RENTING CITROEN C3 Aircross | SIN ENTRADA | PRISMA RENTING,Renting CITROEN C3 Aircross,"Ofertas de Renting con todo incluido para Autónomos, Empresas y Particulares."
vehicle,/ofertas-de-renting/marcas-de-renting/citroen/citroen-c3/,▷ RENTING CITROEN C3 | RENTING SIN ENTRADA | PRISMA RENTING,Renting CITROEN C3,"Ofertas de Renting con todo incluido para Autónomos, Empresas y Particulares."
vehicle,/ofertas-de-renting/marcas-de-renting/citroen/citroen-c4-2/,▷ RENTING CITROEN C4 para particulares | Desde 281 €/mes ✔️✔️,Renting CITROEN C4,"Ofertas de Renting con todo incluido para Autónomos, Empresas y Particulares."
vehicle,/ofertas-de-renting/marcas-de-renting/citroen/citroen-c4-3/,▷ RENTING CITROEN C4 para particulares | Desde 391 €/mes ✔️✔️,Renting CITROEN C4,"Ofertas de Renting con todo incluido para Autónomos, Empresas y Particulares."
vehicle,/ofertas-de-renting/marcas-de-renting/citroen/citroen-c4-4/,▷ RENTING CITROEN C4 para particulares | Desde 279 €/mes ✔️✔️,Renting CITROEN C4,"Ofertas de Renting con todo incluido para Autónomos, Empresas y Particulares."
vehicle,/ofertas-de-renting/marcas-de-renting/citroen/citroen-c4-5/,▷ RENTING CITROEN C4 para particulares | Desde 285 €/mes ✔️✔️,Renting CITROEN C4,"Ofertas de Renting con todo incluido para Autónomos, Empresas y Particulares."
vehicle,/ofertas-de-renting/marcas-de-renting/citroen/citroen-c4-6/,▷ RENTING CITROEN C4 para particulares | Desde 286 €/mes ✔️✔️,Renting CITROEN C4,"Ofertas de Renting con todo incluido para Autónomos, Empresas y Particulares."
vehicle,/ofertas-de-renting/marcas-de-renting/citroen/citroen-c4-7/,▷ RENTING CITROEN C4 para particulares | Desde 336 €/mes ✔️✔️,Renting CITROEN C4,"Ofertas de Renting con todo incluido para Autónomos, Empresas y Particulares."
vehicle,/ofertas-de-renting/marcas-de-renting/citroen/citroen-c4/,▷ Renting CITROEN C4 para particulares | Desde 295 €/mes ✔️✔️,Renting CITROEN C4,"Ofertas de Renting con todo incluido para Autónomos, Empresas y Particulares."
vehicle,/ofertas-de-renting/marcas-de-renting/citroen/citroen-c5-aircross-2/,▷ RENTING CITROEN C5 AIRCROSS para particulares | Desde 458 €,Renting CITROEN C5 Aircross,"Ofertas de Renting con todo incluido para Autónomos, Empresas y Particulares."
vehicle,/ofertas-de-renting/marcas-de-renting/citroen/citroen-c5-aircross-hybrid-2/,▷ RENTING CITROEN C5 Aircross Hybrid | PRISMA RENTING,Renting CITROEN C5 Aircross Hybrid,"Ofertas de Renting con todo incluido para Autónomos, Empresas y Particulares."
vehicle,/ofertas-de-renting/marcas-de-renting/citroen/citroen-c5-aircross-hybrid/,▷ RENTING CITROEN C5 Aircross Hybrid | RENTING SIN ENTRADA | PRISMA RENTING,Renting CITROEN C5 Aircross Hybrid,"Ofertas de Renting con todo incluido para Autónomos, Empresas y Particulares."
vehicle,/ofertas-de-renting/marcas-de-renting/citroen/citroen-c5-aircross/,▷ RENTING CITROEN C5 AIRCROSS para particulares | Desde 576€,Renting CITROEN C5 Aircross,"Ofertas de Renting con todo incluido para Autónomos, Empresas y Particulares."
vehicle,/ofertas-de-renting/marcas-de-renting/citroen/citroen-c5-x-2/,▷ RENTING CITROEN C5 X para particulares | Desde 604 €/mes ✔️✔️,Renting CITROEN C5 X,"Ofertas de Renting con todo incluido para Autónomos, Empresas y Particulares."
vehicle,/ofertas-de-renting/marcas-de-renting/citroen/citroen-c5-x/,▷ RENTING CITROEN C5 X para particulares | Desde 342 €/mes ✔️✔️,Renting CITROEN C5 X,"Ofertas de Renting con todo incluido para Autónomos, Empresas y Particulares."
vehicle,/ofertas-de-renting/marcas-de-renting/citroen/citroen-jumpy-talla-m-bluehdi-ss-control/,▷ Renting CITROEN JUMPY para empresas | Desde 488 €/mes ✔️✔️,Renting CITROEN Jumpy Talla M,"Ofertas de Renting con todo incluido para Autónomos, Empresas y Particulares."
vehicle,/ofertas-de-renting/marcas-de-renting/cupra/cupra-formentor-2/,▷ RENTING CUPRA FORMENTOR | Desde 363 €/mes ✔️✔️,Renting Cupra Formentor,"Ofertas de Renting con todo incluido para Autónomos, Empresas y Particulares."
vehicle,/ofertas-de-renting/marcas-de-renting/cupra/cupra-formentor/,▷ Renting CUPRA FORMENTOR para particulares | Desde 365 €/mes ✔️,Renting CUPRA Formentor,"Ofertas de Renting con todo incluido para Autónomos, Empresas y Particulares."
vehicle,/ofertas-de-renting/marcas-de-renting/ds/ds-3-crossback/,▷ Renting DS 3 para particulares | Desde 466 €/mes ✔️✔️,Renting DS 3,"Ofertas de Renting con todo incluido para Autónomos, Empresas y Particulares."
vehicle,/ofertas-de-renting/marcas-de-renting/ds/ds-4/,▷ RENTING DS 4 para particulares | Desde 603 €/mes ✔️✔️,Renting DS 4,"Ofertas de Renting con todo incluido para Autónomos, Empresas y Particulares."
vehicle,/ofertas-de-renting/marcas-de-renting/ds/ds-7-2/,▷ RENTING DS 7 para particulares | Desde 645 €/mes ✔️✔️,Renting DS 7,"Ofertas de Renting con todo incluido para Autónomos, Empresas y Particulares."
vehicle,/ofertas-de-renting/marcas-de-renting/ds/ds-7-crossback-2/,▷ Renting DS 7 para particulares | Desde 442 €/mes ✔️✔️,Renting DS 7,"Ofertas de Renting con todo incluido para Autónomos, Empresas y Particulares."
vehicle,/ofertas-de-renting/marcas-de-renting/ds/ds-7-crossback-3/,▷ Renting DS 7 para particulares | Desde 510 €/mes ✔️✔️,Renting DS 7,"Ofertas de Renting con todo incluido para Autónomos, Empresas y Particulares."
vehicle,/ofertas-de-renting/marcas-de-renting/ds/ds-7-crossback-diesel/,▷ Renting DS 7 para particulares | Desde 378 €/mes ✔️✔️,Renting DS 7,"Ofertas de Renting con todo incluido para Autónomos, Empresas y Particulares."
vehicle,/ofertas-de-renting/marcas-de-renting/ds/ds-7-crossback-hibrido/,▷ Renting DS 7 para particulares | Desde 465 €/mes ✔️✔️,Renting DS 7,"Ofertas de Renting con todo incluido para Autónomos, Empresas y Particulares."
vehicle,/ofertas-de-renting/marcas-de-renting/ds/ds-7-crossback/,▷ Renting DS 7 para particulares | Desde 478 €/mes ✔️✔️,Renting DS 7,"Ofertas de Renting con todo incluido para Autónomos, Empresas y Particulares."
vehicle,/ofertas-de-renting/marcas-de-renting/ds/ds-7/,▷ Renting DS 7 para particulares | Desde 510 €/mes ✔️✔️,Renting DS 7,"Ofertas de Renting con todo incluido para Autónomos, Empresas y Particulares."
vehicle,/ofertas-de-renting/marcas-de-renting/ds/ds-9/,▷ RENTING DS 9 para particulares | Desde 837 €/mes ✔️✔️,Renting DS 9,"Ofertas de Renting con todo incluido para Autónomos, Empresas y Particulares."
vehicle,/ofertas-de-renting/marcas-de-renting/fiat/fiat-500-2/,▷ Renting FIAT 500 para particulares | Desde 475 €/mes ✔️✔️,Renting FIAT 500,"Ofertas de Renting con todo incluido para Autónomos, Empresas y Particulares."
vehicle,/ofertas-de-renting/marcas-de-renting/fiat/fiat-500-3/,▷ RENTING FIAT 500 para particulares | Desde 230 €/mes ✔️✔️,Renting FIAT 500,"Ofertas de Renting con todo incluido para Autónomos, Empresas y Particulares."
vehicle,/ofertas-de-renting/marcas-de-renting/fiat/fiat-500-4/,▷ RENTING FIAT 500 para particulares | Desde 253 €/mes ✔️✔️,Renting FIAT 500,"Ofertas de Renting con todo incluido para Autónomos, Empresas y Particulares."
vehicle,/ofertas-de-renting/marcas-de-renting/fiat/fiat-500-cult/,▷ Renting FIAT 500 para particulares | Desde 180 €/mes ✔️✔️,Renting FIAT 500 Cult,"Ofertas de Renting con todo incluido para Autónomos, Empresas y Particulares."
vehicle,/ofertas-de-renting/marcas-de-renting/fiat/fiat-500-sport/,▷ Renting FIAT 500 para particulares | Desde 188 €/mes ✔️✔️,Renting FIAT 500 Sport,"Ofertas de Renting con todo incluido para Autónomos, Empresas y Particulares."
vehicle,/ofertas-de-renting/marcas-de-renting/fiat/fiat-500/,▷ RENTING FIAT 500 para particulares | Desde 227€/mes ✔️✔️,Renting FIAT 500,"Ofertas de Renting con todo incluido para Autónomos, Empresas y Particulares."
vehicle,/ofertas-de-renting/marcas-de-renting/fiat/fiat-500l-2/,▷ RENTING FIAT 500L para particulares | Desde 0 €/mes ✔️✔️,Renting FIAT 500L,"Ofertas de Renting con todo incluido para Autónomos, Empresas y Particulares."
vehicle,/ofertas-de-renting/marcas-de-renting/fiat/fiat-500l/,▷ RENTING FIAT 500L para particulares | Desde 0 €/mes ✔️✔️,Renting FIAT 500L,"Ofertas de Renting con todo incluido para Autónomos, Empresas y Particulares."
vehicle,/ofertas-de-renting/marcas-de-renting/fiat/fiat-doblo-cargo-2/,▷ Renting FIAT DOBLO CARGO particulares | Desde 310 €/mes ✔️✔️,Renting FIAT Doblo Cargo,"Ofertas de Renting con todo incluido para Autónomos, Empresas y Particulares."
vehicle,/ofertas-de-renting/marcas-de-renting/fiat/fiat-doblo-cargo-3/,▷ RENTING FIAT DOBLO CARGO para particulares ✔️✔️,Renting FIAT Doblo Cargo,"Ofertas de Renting con todo incluido para Autónomos, Empresas y Particulares."
vehicle,/ofertas-de-renting/marcas-de-renting/fiat/fiat-doblo-cargo/,▷ Renting FIAT DOBLO CARGO | Desde 336 €/mes ✔️✔️,Renting FIAT Doblo Cargo,"Ofertas de Renting con todo incluido para Autónomos, Empresas y Particulares."
vehicle,/ofertas-de-renting/marcas-de-renting/fiat/fiat-fiorino-2/,▷ RENTING FIAT FIORINO para particulares | Desde 334 €/mes ✔️✔️,Renting FIAT Fiorino,"Ofertas de Renting con todo incluido para Autónomos, Empresas y Particulares."
vehicle,/ofertas-de-renting/marcas-de-renting/fiat/fiat-scudo/,▷ RENTING FIAT SCUDO para particulares | Desde 420 €/mes ✔️✔️,Renting FIAT Scudo,"Ofertas de Renting con todo incluido para Autónomos, Empresas y Particulares."
vehicle,/ofertas-de-renting/marcas-de-renting/fiat/fiat-tipo-2/,▷ Renting FIAT TIPO para particulares | Desde 300 €/mes ✔️✔️,Renting FIAT Tipo Cross,"Ofertas de Renting con todo incluido para Autónomos, Empresas y Particulares."
vehicle,/ofertas-de-renting/marcas-de-renting/fiat/fiat-tipo-3/,▷ Renting FIAT TIPO para particulares | Desde 255 €/mes ✔️✔️,Renting FIAT Tipo Life,"Ofertas de Renting con todo incluido para Autónomos, Empresas y Particulares."
vehicle,/ofertas-de-renting/marcas-de-renting/fiat/fiat-tipo-4/,▷ Renting FIAT TIPO para particulares | Desde 373 €/mes ✔️✔️,Renting FIAT Tipo Cross,"Ofertas de Renting con todo incluido para Autónomos, Empresas y Particulares."
vehicle,/ofertas-de-renting/marcas-de-renting/fiat/fiat-tipo/,▷ Renting FIAT TIPO para particulares | Desde 293 €/mes ✔️✔️,Renting FIAT Tipo HB Life,"Ofertas de Renting con todo incluido para Autónomos, Empresas y Particulares."
vehicle,/ofertas-de-renting/marcas-de-renting/ford/1-1-ti-vct-55kw-75cv-trend-5p/,▷ Renting FORD FIESTA para particulares | Desde 223 €/mes ✔️✔️,Renting FORD Fiesta,"Ofertas de Renting con todo incluido para Autónomos, Empresas y Particulares."
vehicle,/ofertas-de-renting/marcas-de-renting/ford/ford-fiesta-2/,▷ Renting FORD FIESTA para particulares | Desde 226 €/mes ✔️✔️,Renting FORD Fiesta,"Ofertas de Renting con todo incluido para Autónomos, Empresas y Particulares."
vehicle,/ofertas-de-renting/marcas-de-renting/ford/ford-fiesta-3/,▷ Renting FORD FIESTA para particulares | Desde 333 €/mes ✔️✔️,Renting FORD Fiesta,"Ofertas de Renting con todo incluido para Autónomos, Empresas y Particulares."
vehicle,/ofertas-de-renting/marcas-de-renting/ford/ford-fiesta/,▷ Renting FORD FIESTA para particulares | Desde 245 €/mes ✔️✔️,Renting FORD Fiesta,"Ofertas de Renting con todo incluido para Autónomos, Empresas y Particulares."
vehicle,/ofertas-de-renting/marcas-de-renting/ford/ford-focus-2/,▷ Renting FORD FOCUS para particulares | Desde 273 €/mes ✔️✔️,Renting FORD Focus,"Ofertas de Renting con todo incluido para Autónomos, Empresas y Particulares."
vehicle,/ofertas-de-renting/marcas-de-renting/ford/ford-focus-3/,▷ Renting FORD FOCUS para particulares | Desde 275 €/mes ✔️✔️,Renting FORD Focus,"Ofertas de Renting con todo incluido para Autónomos, Empresas y Particulares."
vehicle,/ofertas-de-renting/marcas-de-renting/ford/ford-focus-4/,▷ Renting FORD FOCUS para particulares | Desde 290 €/mes ✔️✔️,Renting FORD Focus,"Ofertas de Renting con todo incluido para Autónomos, Empresas y Particulares."
vehicle,/ofertas-de-renting/marcas-de-renting/ford/ford-focus-5/,▷ RENTING FORD FOCUS para particulares | Desde 433 €/mes ✔️✔️,Renting FORD Focus,"Ofertas de Renting con todo incluido para Autónomos, Empresas y Particulares."
vehicle,/ofertas-de-renting/marcas-de-renting/ford/ford-focus/,▷ Renting FORD FOCUS para particulares | Desde 273 €/mes ✔️✔️,Renting FORD Focus,"Ofertas de Renting con todo incluido para Autónomos, Empresas y Particulares."
vehicle,/ofertas-de-renting/marcas-de-renting/ford/ford-kuga/,▷ Renting FORD KUGA para particulares | Desde 422 €/mes ✔️✔️,Renting FORD Kuga,"Ofertas de Renting con todo incluido para Autónomos, Empresas y Particulares."
vehicle,/ofertas-de-renting/marcas-de-renting/ford/ford-puma-2/,▷ Renting FORD PUMA para particulares | Desde 252 €/mes ✔️✔️,Renting FORD Puma,"Ofertas de Renting con todo incluido para Autónomos, Empresas y Particulares."
vehicle,/ofertas-de-renting/marcas-de-renting/ford/ford-puma-3/,▷ RENTING FORD PUMA para particulares | Desde 293 €/mes ✔️✔️,Renting FORD Puma,"Ofertas de Renting con todo incluido para Autónomos, Empresas y Particulares."
vehicle,/ofertas-de-renting/marcas-de-renting/ford/ford-puma-6/,▷ Renting FORD PUMA para particulares | Desde 253 €/mes ✔️✔️,Renting FORD Puma,"Ofertas de Renting con todo incluido para Autónomos, Empresas y Particulares."
vehicle,/ofertas-de-renting/marcas-de-renting/ford/ford-puma-7/,▷ Renting FORD PUMA para particulares | Desde 255 €/mes ✔️✔️,Renting FORD Puma,"Ofertas de Renting con todo incluido para Autónomos, Empresas y Particulares."
vehicle,/ofertas-de-renting/marcas-de-renting/ford/ford-puma/,▷ RENTING FORD PUMA para particulares | Desde 380 €/mes ✔️✔️,Renting FORD Puma,"Ofertas de Renting con todo incluido para Autónomos, Empresas y Particulares."
vehicle,/ofertas-de-renting/marcas-de-renting/ford/ford-transit-tf350-l3h2-van-trend-delantera/,▷ Renting FORD TRANSIT TF350 | Desde 252 €/mes ✔️✔️,Renting FORD Transit TF350,"Ofertas de Renting con todo incluido para Autónomos, Empresas y Particulares."
catalog,/ofertas-de-renting/maserati/,"▷ Renting Maserati | Particulares, autónomos y empresas ✔️",Renting MASERATI,"Ofertas de Renting con todo incluido para Autónomos, Empresas y Particulares."
catalog,/ofertas-de-renting/mazda/,Renting MAZDA - Prisma Renting,Renting MAZDA,"Ofertas de Renting con todo incluido para Autónomos, Empresas y Particulares."
catalog,/ofertas-de-renting/mazda/3-2/,▷ Ofertas de RENTING MAZDA 3 | SIN ENTRADA ✔️✔️,Renting MAZDA 3 sin entrada,"Ofertas de Renting con todo incluido para Autónomos, Empresas y Particulares."
vehicle,/ofertas-de-renting/mazda/3-mazda/mazda-3/,▷ RENTING MAZDA 3 para particulares | Desde 378 €/mes ✔️✔️,Renting MAZDA 3,"Ofertas de Renting con todo incluido para Autónomos, Empresas y Particulares."
catalog,/ofertas-de-renting/mazda/6-2/,▷ Ofertas de RENTING MAZDA 6 | SIN ENTRADA ✔️✔️,Renting MAZDA 6 sin entrada,"Ofertas de Renting con todo incluido para Autónomos, Empresas y Particulares."
vehicle,/ofertas-de-renting/mazda/6-mazda/mazda-6/,▷ RENTING MAZDA 6 para particulares | Desde 490 €/mes ✔️✔️,Renting MAZDA 6,"Ofertas de Renting con todo incluido para Autónomos, Empresas y Particulares."
vehicle,/ofertas-de-renting/mazda/cx-30-mazda/mazda-cx-30/,▷ RENTING MAZDA CX-30 para particulares | Desde 417 €/mes ✔️✔️,Renting MAZDA CX-30,"Ofertas de Renting con todo incluido para Autónomos, Empresas y Particulares."
catalog,/ofertas-de-renting/mazda/cx-30/,▷ Ofertas de RENTING MAZDA CX-30 | SIN ENTRADA ✔️✔️,Renting MAZDA CX-30 sin entrada,"Ofertas de Renting con todo incluido para Autónomos, Empresas y Particulares."
catalog,/ofertas-de-renting/mercedes-benz/,"▷ RENTING MERCEDES BENZ | Particulares, autónomos y empresas ✔️",Renting MERCEDES-BENZ,"Ofertas de Renting con todo incluido para Autónomos, Empresas y Particulares."
catalog,/ofertas-de-renting/mercedes-benz/citan/,▷ Ofertas de RENTING MERCEDES BENZ CITAN | SIN ENTRADA ✔️✔️,Renting MERCEDES-BENZ Citan sin entrada,"Ofertas de Renting con todo incluido para Autónomos, Empresas y Particulares."
catalog,/ofertas-de-renting/mercedes-benz/clase-a/,▷ RENTING MERCEDES BENZ CLASE A | SIN ENTRADA ✔️✔️,Renting MERCEDES-BENZ Clase A sin entrada,"Ofertas de Renting con todo incluido para Autónomos, Empresas y Particulares."
catalog,/ofertas-de-renting/mercedes-benz/clase-v/,▷ RENTING MERCEDES BENZ CLASE V | SIN ENTRADA ✔️✔️,Renting MERCEDES-BENZ Clase V sin entrada,"Ofertas de Renting con todo incluido para Autónomos, Empresas y Particulares."
catalog,/ofertas-de-renting/mercedes-benz/eqb/,▷ RENTING MERCEDES BENZ EQB | SIN ENTRADA ✔️✔️,Renting MERCEDES-BENZ EQB sin entrada,"Ofertas de Renting con todo incluido para Autónomos, Empresas y Particulares."
catalog,/ofertas-de-renting/mercedes-benz/eqv/,▷ Ofertas de RENTING MERCEDES BENZ EQV | SIN ENTRADA ✔️✔️,Renting MERCEDES-BENZ EQV sin entrada,"Ofertas de Renting con todo incluido para Autónomos, Empresas y Particulares."
catalog,/ofertas-de-renting/mercedes-benz/gla/,▷ Ofertas de RENTING MERCEDES BENZ GLA | SIN ENTRADA ✔️✔️,Renting MERCEDES-BENZ Gla sin entrada,"Ofertas de Renting con todo incluido para Autónomos, Empresas y Particulares."
catalog,/ofertas-de-renting/mercedes-benz/glb/,▷ Ofertas de RENTING MERCEDES BENZ GLB | SIN ENTRADA ✔️✔️,Renting MERCEDES-BENZ Glb sin entrada,"Ofertas de Renting con todo incluido para Autónomos, Empresas y Particulares."
catalog,/ofertas-de-renting/mercedes-benz/glc/,▷ Ofertas de RENTING MERCEDES BENZ GLC | SIN ENTRADA ✔️✔️,Renting MERCEDES-BENZ Glc sin entrada,"Ofertas de Renting con todo incluido para Autónomos, Empresas y Particulares."
vehicle,/ofertas-de-renting/mercedez-benz/citan/mercedes-benz-citan/,▷ RENTING MERCEDES-BENZ CITAN para particulares | 453 €/mes ✔,Renting MERCEDES-BENZ Citan,"Ofertas de Renting con todo incluido para Autónomos, Empresas y Particulares."
vehicle,/ofertas-de-renting/mercedez-benz/clase-a/mercedes-benz-clase-a-2/,▷ Renting MERCEDES BENZ CLASE A | Desde 427 €/mes ✔️✔️,Renting MERCEDES-BENZ Clase A,"Ofertas de Renting con todo incluido para Autónomos, Empresas y Particulares."
vehicle,/ofertas-de-renting/mercedez-benz/clase-a/mercedes-benz-clase-a/,▷ Renting MERCEDES BENZ CLASE A | Desde 650 €/mes ✔️✔️,Renting MERCEDES-BENZ Clase A,"Ofertas de Renting con todo incluido para Autónomos, Empresas y Particulares."
vehicle,/ofertas-de-renting/mercedez-benz/clase-v/mercedes-benz-clase-v/,▷ Renting MERCEDES BENZ CLASE V | Desde 915 €/mes ✔️✔️,Renting MERCEDES-BENZ Clase V,"Ofertas de Renting con todo incluido para Autónomos, Empresas y Particulares."
vehicle,/ofertas-de-renting/mercedez-benz/eqb/mercedes-benz-eqb/,▷ RENTING MERCEDES-BENZ EQB para particulares | Desde 720 €/mes️,Renting MERCEDES-BENZ EQB,"Ofertas de Renting con todo incluido para Autónomos, Empresas y Particulares."
vehicle,/ofertas-de-renting/mercedez-benz/eqv/mercedes-benz-eqv/,▷ Renting MERCEDES BENZ EQV | Desde 1.126 €/mes ✔️✔️,Renting MERCEDES-BENZ Eqv,"Ofertas de Renting con todo incluido para Autónomos, Empresas y Particulares."
vehicle,/ofertas-de-renting/mercedez-benz/gla/mercedes-benz-gla/,▷ Renting MERCEDES BENZ GLA | Desde 595 €/mes ✔️✔️,Renting MERCEDES-BENZ Gla,"Ofertas de Renting con todo incluido para Autónomos, Empresas y Particulares."
vehicle,/ofertas-de-renting/mercedez-benz/glb/mercedes-benz-glb/,▷ Renting MERCEDES BENZ GLB | Desde 580 €/mes ✔️✔️,Renting MERCEDES-BENZ Glb,"Ofertas de Renting con todo incluido para Autónomos, Empresas y Particulares."
vehicle,/ofertas-de-renting/mercedez-benz/glc/mercedes-benz-glc/,▷ Renting MERCEDES BENZ GLC | Desde 909 €/mes ✔️✔️,Renting MERCEDES-BENZ Glc,"Ofertas de Renting con todo incluido para Autónomos, Empresas y Particulares."
catalog,/ofertas-de-renting/mg/,▷ Renting MG | Con todo incluido | SIN ENTRADA ✔️✔️,Renting MG,"Ofertas de Renting con todo incluido para Autónomos, Empresas y Particulares."
catalog,/ofertas-de-renting/mg/ehs/,▷ Ofertas de RENTING MG EHS | SIN ENTRADA ✔️✔️,Renting MG Ehs sin entrada,"Ofertas de Renting con todo incluido para Autónomos, Empresas y Particulares."
vehicle,/ofertas-de-renting/mg/ehs/mg-ehs/,▷ Renting MG EHS para particulares | Desde 499 €/mes ✔️✔️,Renting MG Ehs,"Ofertas de Renting con todo incluido para Autónomos, Empresas y Particulares."
catalog,/ofertas-de-renting/mini/,▷ Oferta de RENTING MINI | Con todo incluido | SIN ENTRADA ✔️✔️,Renting MINI,"Ofertas de Renting con todo incluido para Autónomos, Empresas y Particulares."
catalog,/ofertas-de-renting/mini/cooper/,▷ Ofertas de RENTING MINI COOPER | SIN ENTRADA ✔️✔️,Renting MINI Cooper sin entrada,"Ofertas de Renting con todo incluido para Autónomos, Empresas y Particulares."
vehicle,/ofertas-de-renting/mini/cooper/mini-cooper-se/,▷ Renting MINI COOPER para particulares | Desde 531 €/mes ✔️✔️,Renting MINI Cooper SE,"Ofertas de Renting con todo incluido para Autónomos, Empresas y Particulares."
vehicle,/ofertas-de-renting/mini/cooper/mini-cooper/,▷ RENTING MINI COOPER para particulares | Desde 387 €/mes ✔️✔️,Renting MINI Cooper,"Ofertas de Renting con todo incluido para Autónomos, Empresas y Particulares."
catalog,/ofertas-de-renting/mini/countryman/,▷ Ofertas de RENTING MINI COUNTRYMAN | SIN ENTRADA ✔️✔️,Renting MINI Countryman sin entrada,"Ofertas de Renting con todo incluido para Autónomos, Empresas y Particulares."
vehicle,/ofertas-de-renting/mini/countryman/mini-countryman/,▷ RENTING MINI COUNTRYMAN | Desde 431 €/mes ✔️✔️,Renting MINI Countryman,"Ofertas de Renting con todo incluido para Autónomos, Empresas y Particulares."
catalog,/ofertas-de-renting/mitsubishi/,"▷ Renting Mitsubishi | Particulares, autónomos y empresas ✔️",Renting MITSUBISHI,"Ofertas de Renting con todo incluido para Autónomos, Empresas y Particulares."
vehicle,/ofertas-de-renting/modelo/arona-modelo/seat-arona/,▷ Renting SEAT ARONA para particulares | Desde 226 €/mes ✔️✔️,Renting SEAT Arona,"Ofertas de Renting con todo incluido para Autónomos, Empresas y Particulares."
catalog,/ofertas-de-renting/motos/,Renting de Motos al mejor precio | Prisma Renting,RENTING DE MOTOS BMW,"Ofertas de Renting con todo incluido para Autónomos, Empresas y Particulares."
catalog,/ofertas-de-renting/nissan/,"▷ RENTING NISSAN | Particulares, autónomos y empresas ✔️✔️",Renting NISSAN,"Ofertas de Renting con todo incluido para Autónomos, Empresas y Particulares."
catalog,/ofertas-de-renting/nissan/juke/,▷ Ofertas de RENTING NISSAN JUKE | SIN ENTRADA ✔️✔️,Renting NISSAN Juke sin entrada,"Ofertas de Renting con todo incluido para Autónomos, Empresas y Particulares."
vehicle,/ofertas-de-renting/nissan/juke/nissan-juke-2/,▷ Renting NISSAN JUKE para particulares | Desde 263 €/mes ✔️✔️,Renting NISSAN Juke,"Ofertas de Renting con todo incluido para Autónomos, Empresas y Particulares."
vehicle,/ofertas-de-renting/nissan/juke/nissan-juke-3/,▷ Renting NISSAN JUKE para particulares | Desde 228 €/mes ✔️✔️,Renting NISSAN Juke,"Ofertas de Renting con todo incluido para Autónomos, Empresas y Particulares."
vehicle,/ofertas-de-renting/nissan/juke/nissan-juke-4/,▷ RENTING NISSAN JUKE para particulares | Desde 271 €/mes ✔️✔️,Renting NISSAN Juke,"Ofertas de Renting con todo incluido para Autónomos, Empresas y Particulares."
vehicle,/ofertas-de-renting/nissan/juke/nissan-juke-5/,▷ RENTING NISSAN JUKE para particulares | Desde 268 €/mes ✔️✔️,Renting NISSAN Juke,"Ofertas de Renting con todo incluido para Autónomos, Empresas y Particulares."
vehicle,/ofertas-de-renting/nissan/juke/nissan-juke/,▷ Renting NISSAN JUKE para particulares | Desde 257 €/mes ✔️✔️,Renting NISSAN Juke,"Ofertas de Renting con todo incluido para Autónomos, Empresas y Particulares."
catalog,/ofertas-de-renting/nissan/leaf/,▷ Ofertas de RENTING NISSAN LEAF | SIN ENTRADA ✔️✔️,Renting NISSAN Leaf sin entrada,"Ofertas de Renting con todo incluido para Autónomos, Empresas y Particulares."
vehicle,/ofertas-de-renting/nissan/leaf/nissan-leaf-acenta-electrico/,▷ Renting NISSAN LEAF para particulares | Desde 580 €/mes ✔️✔️,Renting NISSAN Leaf Acenta Electrico,"Ofertas de Renting con todo incluido para Autónomos, Empresas y Particulares."
catalog,/ofertas-de-renting/nissan/micra/,▷ Ofertas de RENTING NISSAN MICRA | SIN ENTRADA ✔️✔️,Renting NISSAN Micra sin entrada,"Ofertas de Renting con todo incluido para Autónomos, Empresas y Particulares."
vehicle,/ofertas-de-renting/nissan/micra/nissan-micra-3/,▷ RENTING NISSAN MICRA para particulares | Desde 248 €/mes ✔️✔️,Renting NISSAN Micra,"Ofertas de Renting con todo incluido para Autónomos, Empresas y Particulares."
vehicle,/ofertas-de-renting/nissan/micra/nissan-micra-4/,▷ RENTING NISSAN MICRA para particulares | Desde 330 €/mes ✔️✔️,Renting NISSAN Micra,"Ofertas de Renting con todo incluido para Autónomos, Empresas y Particulares."
vehicle,/ofertas-de-renting/nissan/micra/nissan-micra/,▷ Renting NISSAN MICRA para particulares | Desde 216 €/mes ✔️✔️,Renting NISSAN Micra,"Ofertas de Renting con todo incluido para Autónomos, Empresas y Particulares."
catalog,/ofertas-de-renting/nissan/nv-250/,▷ Ofertas de RENTING NISSAN NV250 | SIN ENTRADA ✔️✔️,Renting NISSAN NV250 sin entrada,"Ofertas de Renting con todo incluido para Autónomos, Empresas y Particulares."
vehicle,/ofertas-de-renting/nissan/nv250/nissan-nv250/,▷ Renting NISSAN NV250 para empresas | Desde 310 €/mes ✔️✔️,Renting NISSAN NV250,"Ofertas de Renting con todo incluido para Autónomos, Empresas y Particulares."
catalog,/ofertas-de-renting/nissan/qashqai/,▷ Ofertas de RENTING NISSAN QASHQAI | SIN ENTRADA ✔️✔️,Renting NISSAN Qashqai sin entrada,"Ofertas de Renting con todo incluido para Autónomos, Empresas y Particulares."
vehicle,/ofertas-de-renting/nissan/qashqai/nissan-qashqai-2/,▷ Renting NISSAN QASHQAI para particulares | Desde 293 €/mes ✔️✔️,Renting NISSAN Qashqai,"Ofertas de Renting con todo incluido para Autónomos, Empresas y Particulares."
vehicle,/ofertas-de-renting/nissan/qashqai/nissan-qashqai-3/,▷ RENTING NISSAN QASHQAI para particulares | Desde 311€,Renting NISSAN Qashqai,"Ofertas de Renting con todo incluido para Autónomos, Empresas y Particulares."
vehicle,/ofertas-de-renting/nissan/qashqai/nissan-qashqai/,▷ RENTING NISSAN Qashqai | RENTING SIN ENTRADA | PRISMA RENTING,Renting NISSAN Qashqai,"Ofertas de Renting con todo incluido para Autónomos, Empresas y Particulares."
catalog,/ofertas-de-renting/opel/,▷ Oferta de RENTING OPEL | Con todo incluido | SIN ENTRADA ✔️✔️,Renting OPEL,"Ofertas de Renting con todo incluido para Autónomos, Empresas y Particulares."
catalog,/ofertas-de-renting/opel/combo/,▷ Ofertas de RENTING OPEL COMBO | SIN ENTRADA ✔️✔️,Renting OPEL Combo sin entrada,"Ofertas de Renting con todo incluido para Autónomos, Empresas y Particulares."
vehicle,/ofertas-de-renting/opel/combo/opel-combo-2/,▷ Renting OPEL COMBO particulares | Desde 343 €/mes ✔️✔️,Renting OPEL Combo,"Ofertas de Renting con todo incluido para Autónomos, Empresas y Particulares."
catalog,/ofertas-de-renting/opel/corsa/,▷ Ofertas de RENTING OPEL CORSA | SIN ENTRADA ✔️✔️,Renting OPEL Corsa sin entrada,"Ofertas de Renting con todo incluido para Autónomos, Empresas y Particulares."
vehicle,/ofertas-de-renting/opel/corsa/opel-corsa-2/,▷ RENTING OPEL CORSA para particulares | Desde 244 €/mes ✔️✔️,Renting OPEL Corsa,"Ofertas de Renting con todo incluido para Autónomos, Empresas y Particulares."
vehicle,/ofertas-de-renting/opel/corsa/opel-corsa-3/,▷ Renting OPEL CORSA particulares | Desde 206 €/mes ✔️✔️,Renting OPEL Corsa,"Ofertas de Renting con todo incluido para Autónomos, Empresas y Particulares."
vehicle,/ofertas-de-renting/opel/corsa/opel-corsa/,▷ RENTING OPEL CORSA para particulares | Desde 255 €/mes ✔️✔️,Renting OPEL Corsa,"Ofertas de Renting con todo incluido para Autónomos, Empresas y Particulares."
catalog,/ofertas-de-renting/opel/grandland/,▷ Ofertas de RENTING OPEL GRANDLAND | SIN ENTRADA ✔️✔️,Renting OPEL Grandland sin entrada,"Ofertas de Renting con todo incluido para Autónomos, Empresas y Particulares."
vehicle,/ofertas-de-renting/opel/grandland/opel-grandland-2/,▷ Renting OPEL GRANDLAND particulares | Desde 321 €/mes ✔️✔️,Renting OPEL Grandland,"Ofertas de Renting con todo incluido para Autónomos, Empresas y Particulares."
vehicle,/ofertas-de-renting/opel/grandland/opel-grandland/,▷ Renting OPEL GRANDLAND particulares | Desde 474 €/mes ✔️✔️,Renting OPEL Grandland,"Ofertas de Renting con todo incluido para Autónomos, Empresas y Particulares."
vehicle,/ofertas-de-renting/opel/mokka-2/opel-mokka/,▷ RENTING OPEL MOKKA para particulares | Desde 606 €/mes ✔️✔️,Renting OPEL Mokka,"Ofertas de Renting con todo incluido para Autónomos, Empresas y Particulares."
catalog,/ofertas-de-renting/opel/mokka/,▷ Ofertas de RENTING OPEL MOKKA | SIN ENTRADA ✔️✔️,Renting OPEL Mokka sin entrada,"Ofertas de Renting con todo incluido para Autónomos, Empresas y Particulares."
catalog,/ofertas-de-renting/opel/vivaro-furgon/,▷ Ofertas de RENTING OPEL VIVARO FURGÓN | SIN ENTRADA ✔️✔️,Renting OPEL Vivaro sin entrada,"Ofertas de Renting con todo incluido para Autónomos, Empresas y Particulares."
vehicle,/ofertas-de-renting/opel/vivaro-m/opel-vivaro-furgon-m-std-express/,▷ Renting OPEL VIVARO FURGON | Desde 360 €/mes ✔️✔️,Renting OPEL Vivaro Furgón M,"Ofertas de Renting con todo incluido para Autónomos, Empresas y Particulares."
catalog,/ofertas-de-renting/page/2/,▷ Ofertas de renting baratas | RENTING BARATO | Prisma Renting,,"Ofertas de Renting con todo incluido para Autónomos, Empresas y Particulares."
catalog,/ofertas-de-renting/page/3/,▷ Ofertas de renting baratas | RENTING BARATO | Prisma Renting,,"Ofertas de Renting con todo incluido para Autónomos, Empresas y Particulares."
catalog,/ofertas-de-renting/page/4/,▷ Ofertas de renting baratas | RENTING BARATO | Prisma Renting,,"Ofertas de Renting con todo incluido para Autónomos, Empresas y Particulares."
catalog,/ofertas-de-renting/page/5/,▷ Ofertas de renting baratas | RENTING BARATO | Prisma Renting,,"Ofertas de Renting con todo incluido para Autónomos, Empresas y Particulares."
catalog,/ofertas-de-renting/peugeot/,▷ Oferta de RENTING PEUGEOT | Todo incluido | SIN ENTRADA ✔️✔️,Renting PEUGEOT,"Ofertas de Renting con todo incluido para Autónomos, Empresas y Particulares."
catalog,/ofertas-de-renting/peugeot/2008-2/,▷ Ofertas de RENTING PEUGEOT 2008 | SIN ENTRADA ✔️✔️,Renting PEUGEOT 2008 sin entrada,"Ofertas de Renting con todo incluido para Autónomos, Empresas y Particulares."
vehicle,/ofertas-de-renting/peugeot/2008-peugeot/peugeot-2008-2/,▷ Renting PEUGEOT 2008 para particulares | Desde 259 €/mes ✔️✔️,Renting PEUGEOT 2008,"Ofertas de Renting con todo incluido para Autónomos, Empresas y Particulares."
vehicle,/ofertas-de-renting/peugeot/2008-peugeot/peugeot-2008-3/,▷ RENTING PEUGEOT 2008 para particulares | Desde 358 €/mes ✔️✔️,Renting PEUGEOT 2008,"Ofertas de Renting con todo incluido para Autónomos, Empresas y Particulares."
vehicle,/ofertas-de-renting/peugeot/2008-peugeot/peugeot-2008-4/,▷ RENTING PEUGEOT 2008 para particulares | Desde 307 €/mes ✔️✔️,Renting PEUGEOT 2008,"Ofertas de Renting con todo incluido para Autónomos, Empresas y Particulares."
vehicle,/ofertas-de-renting/peugeot/2008-peugeot/peugeot-2008-5/,▷ RENTING PEUGEOT 2008 para particulares | Desde 249 €/mes ✔️✔️,Renting PEUGEOT 2008,"Ofertas de Renting con todo incluido para Autónomos, Empresas y Particulares."
catalog,/ofertas-de-renting/peugeot/208-2/,▷ Ofertas de RENTING PEUGEOT 208 | SIN ENTRADA ✔️✔️,Renting PEUGEOT 208 sin entrada,"Ofertas de Renting con todo incluido para Autónomos, Empresas y Particulares."
vehicle,/ofertas-de-renting/peugeot/208/peugeot-208-2/,▷ Renting PEUGEOT 208 para particulares | Desde 231 €/mes ✔️✔️,Renting PEUGEOT 208,"Ofertas de Renting con todo incluido para Autónomos, Empresas y Particulares."
vehicle,/ofertas-de-renting/peugeot/208/peugeot-208-3/,▷ RENTING PEUGEOT 208 para particulares | Desde 253 €/mes ✔️✔️,Renting PEUGEOT 208,"Ofertas de Renting con todo incluido para Autónomos, Empresas y Particulares."
vehicle,/ofertas-de-renting/peugeot/208/peugeot-208/,▷ Renting PEUGEOT 208 para particulares | Desde 196 €/mes ✔️✔️,Renting PEUGEOT 208,"Ofertas de Renting con todo incluido para Autónomos, Empresas y Particulares."
catalog,/ofertas-de-renting/peugeot/3008-2/,▷ Ofertas de RENTING PEUGEOT 3008 | SIN ENTRADA ✔️✔️,Renting PEUGEOT 3008 sin entrada,"Ofertas de Renting con todo incluido para Autónomos, Empresas y Particulares."
vehicle,/ofertas-de-renting/peugeot/3008/peugeot-3-008-hybrid/,▷ Renting PEUGEOT 3008 para particulares | Desde 397 €/mes ✔️✔️,Renting PEUGEOT 3.008 Hybrid,"Ofertas de Renting con todo incluido para Autónomos, Empresas y Particulares."
vehicle,/ofertas-de-renting/peugeot/3008/peugeot-3008-3/,▷ Renting PEUGEOT 3008 para particulares | Desde 320 €/mes ✔️✔️,Renting PEUGEOT 3008,"Ofertas de Renting con todo incluido para Autónomos, Empresas y Particulares."
vehicle,/ofertas-de-renting/peugeot/3008/peugeot-3008-hybrid/,▷ Renting PEUGEOT 3008 para particulares | Desde 397 €/mes ✔️✔️,Renting PEUGEOT 3008 Hybrid,"Ofertas de Renting con todo incluido para Autónomos, Empresas y Particulares."
vehicle,/ofertas-de-renting/peugeot/3008/peugeot-3008/,▷ RENTING PEUGEOT 3008 para particulares | Desde 427 €/mes ✔️✔️,Renting PEUGEOT 3008,"Ofertas de Renting con todo incluido para Autónomos, Empresas y Particulares."
catalog,/ofertas-de-renting/peugeot/308-2/,▷ Ofertas de RENTING PEUGEOT 308 | SIN ENTRADA ✔✔,Renting PEUGEOT 308 sin entrada,"Ofertas de Renting con todo incluido para Autónomos, Empresas y Particulares."
vehicle,/ofertas-de-renting/peugeot/308-2/peugeot-308/,▷ RENTING PEUGEOT 308 para particulares | Desde 430 €/mes ✔️✔️,Renting PEUGEOT 308,"Ofertas de Renting con todo incluido para Autónomos, Empresas y Particulares."
catalog,/ofertas-de-renting/peugeot/5008-2/,▷ Ofertas de RENTING PEUGEOT 5008 | SIN ENTRADA ✔️✔️,Renting PEUGEOT 5008 sin entrada,"Ofertas de Renting con todo incluido para Autónomos, Empresas y Particulares."
vehicle,/ofertas-de-renting/peugeot/5008/peugeot-5008-3/,▷ RENTING PEUGEOT 5008 para particulares | Desde 526 €/mes ✔️✔️,Renting PEUGEOT 5008,"Ofertas de Renting con todo incluido para Autónomos, Empresas y Particulares."
vehicle,/ofertas-de-renting/peugeot/5008/peugeot-5008/,▷ RENTING PEUGEOT 5008 para particulares | Desde 375 €/mes ✔️✔️,Renting PEUGEOT 5008,"Ofertas de Renting con todo incluido para Autónomos, Empresas y Particulares."
catalog,/ofertas-de-renting/peugeot/508-2/,▷ Ofertas de RENTING PEUGEOT 508 | SIN ENTRADA ✔️✔️,Renting PEUGEOT 508 sin entrada,"Ofertas de Renting con todo incluido para Autónomos, Empresas y Particulares."
vehicle,/ofertas-de-renting/peugeot/508/peugeot-508/,▷ RENTING PEUGEOT 508 para particulares | Desde 454 €/mes ✔️✔️,Renting PEUGEOT 508,"Ofertas de Renting con todo incluido para Autónomos, Empresas y Particulares."
vehicle,/ofertas-de-renting/peugeot/e-2008/peugeot-e-2008/,▷ Renting PEUGEOT e-2008 para particulares | Desde 310 €/mes ✔️✔️,Renting PEUGEOT E-2008,"Ofertas de Renting con todo incluido para Autónomos, Empresas y Particulares."
vehicle,/ofertas-de-renting/peugeot/e-208/peugeot-e-208-electric-allure/,▷ RENTING PEUGEOT e-208 | SIN ENTRADA | PRISMA RENTING,Renting PEUGEOT e-208,"Ofertas de Renting con todo incluido para Autónomos, Empresas y Particulares."
catalog,/ofertas-de-renting/peugeot/partner/,▷ Ofertas de RENTING PEUGEOT PARTNER | SIN ENTRADA ✔️✔️,Renting PEUGEOT Partner sin entrada,"Ofertas de Renting con todo incluido para Autónomos, Empresas y Particulares."
vehicle,/ofertas-de-renting/peugeot/partner/peugeot-partner-2/,▷ RENTING PEUGEOT PARTNER | Desde 333 €/mes ✔️✔️,Renting PEUGEOT Partner,"Ofertas de Renting con todo incluido para Autónomos, Empresas y Particulares."
vehicle,/ofertas-de-renting/peugeot/partner/peugeot-partner-3/,▷ RENTING PEUGEOT PARTNER para particulares | Desde 419 €,Renting PEUGEOT Partner,"Ofertas de Renting con todo incluido para Autónomos, Empresas y Particulares."
vehicle,/ofertas-de-renting/peugeot/partner/peugeot-partner/,▷ Renting PEUGEOT PARTNER particulares | Desde 282 €/mes ✔️✔️,Renting PEUGEOT Partner,"Ofertas de Renting con todo incluido para Autónomos, Empresas y Particulares."
catalog,/ofertas-de-renting/peugeot/rifter/,▷ Ofertas de RENTING PEUGEOT RIFTER | SIN ENTRADA ✔️✔️,Renting PEUGEOT Rifter sin entrada,"Ofertas de Renting con todo incluido para Autónomos, Empresas y Particulares."
vehicle,/ofertas-de-renting/peugeot/rifter/peugeot-rifter-2/,▷ RENTING PEUGEOT RIFTER para particulares | Desde 304€ ✔️✔️,Renting PEUGEOT Rifter,"Ofertas de Renting con todo incluido para Autónomos, Empresas y Particulares."
vehicle,/ofertas-de-renting/peugeot/rifter/peugeot-rifter-3/,▷ RENTING PEUGEOT RIFTER para particulares | Desde 306 €/mes ✔️,Renting PEUGEOT Rifter,"Ofertas de Renting con todo incluido para Autónomos, Empresas y Particulares."
vehicle,/ofertas-de-renting/peugeot/rifter/peugeot-rifter/,▷ Renting PEUGEOT RIFTER para particulares | Desde 252 €/mes ✔️✔️,Renting PEUGEOT Rifter,"Ofertas de Renting con todo incluido para Autónomos, Empresas y Particulares."
catalog,/ofertas-de-renting/polestar/,▷ Oferta de RENTING POLESTAR | SIN ENTRADA ✔️✔️,Renting POLESTAR,"Ofertas de Renting con todo incluido para Autónomos, Empresas y Particulares."
catalog,/ofertas-de-renting/polestar/2-2/,▷ Ofertas de RENTING POLESTAR 2 | SIN ENTRADA ✔️✔️,Renting POLESTAR 2 sin entrada,"Ofertas de Renting con todo incluido para Autónomos, Empresas y Particulares."
vehicle,/ofertas-de-renting/polestar/2/polestar-2/,▷ RENTING POLESTAR 2 para particulares | Desde 765 €/mes ✔️✔️,Renting POLESTAR 2,"Ofertas de Renting con todo incluido para Autónomos, Empresas y Particulares."
catalog,/ofertas-de-renting/porsche/,"▷ RENTING PORSCHE | Particulares, autónomos y empresas ✔️✔️",Renting PORSCHE,"Ofertas de Renting con todo incluido para Autónomos, Empresas y Particulares."
catalog,/ofertas-de-renting/porsche/cayenne/,▷ Ofertas de RENTING PORSCHE CAYENNE | SIN ENTRADA ✔️✔️,Renting PORSCHE Cayenne sin entrada,"Ofertas de Renting con todo incluido para Autónomos, Empresas y Particulares."
vehicle,/ofertas-de-renting/porsche/cayenne/porsche-cayenne-coupe/,▷ Renting PORSCHE CAYENNE | Desde 1.550 €/mes ✔️✔️,Renting PORSCHE Cayenne Hybrid Coupe,"Ofertas de Renting con todo incluido para Autónomos, Empresas y Particulares."
vehicle,/ofertas-de-renting/porsche/cayenne/porsche-cayenne/,▷ Renting PORSCHE CAYENNE | Desde 1.450 €/mes ✔️✔️,Renting PORSCHE Cayenne,"Ofertas de Renting con todo incluido para Autónomos, Empresas y Particulares."
catalog,/ofertas-de-renting/porsche/macan/,▷ Ofertas de RENTING PORSCHE MACAN | SIN ENTRADA ✔️✔️,Renting PORSCHE Macan sin entrada,"Ofertas de Renting con todo incluido para Autónomos, Empresas y Particulares."
vehicle,/ofertas-de-renting/porsche/macan/porsche-macan/,▷ Renting PORSCHE MACAN | Desde 1.199 €/mes ✔️✔️,Renting PORSCHE Macan,"Ofertas de Renting con todo incluido para Autónomos, Empresas y Particulares."
catalog,/ofertas-de-renting/porsche/taycan/,▷ Ofertas de RENTING PORSCHE TAYCAN | SIN ENTRADA ✔️✔️,Renting PORSCHE Taycan sin entrada,"Ofertas de Renting con todo incluido para Autónomos, Empresas y Particulares."
vehicle,/ofertas-de-renting/porsche/taycan/porsche-taycan-base/,▷ Renting PORSCHE TAYCAN BASE | Desde 1.404 €/mes ✔️✔️,Renting PORSCHE Taycan Base,"Ofertas de Renting con todo incluido para Autónomos, Empresas y Particulares."
vehicle,/ofertas-de-renting/porsche/taycan/porsche-taycan/,▷ Renting PORSCHE TAYCAN | Desde 1.404 €/mes ✔️✔️,Renting PORSCHE Taycan 4S,"Ofertas de Renting con todo incluido para Autónomos, Empresas y Particulares."
catalog,/ofertas-de-renting/renault/,▷ RENTING RENAULT | Renting para autónomos y empresas ✔️✔️,Renting RENAULT,"Ofertas de Renting con todo incluido para Autónomos, Empresas y Particulares."
catalog,/ofertas-de-renting/renault/clio/,▷ Ofertas de RENTING RENAULT CLIO | SIN ENTRADA ✔️✔️,Renting RENAULT Clio sin entrada,"Ofertas de Renting con todo incluido para Autónomos, Empresas y Particulares."
vehicle,/ofertas-de-renting/renault/clio/renault-clio-3/,▷ RENTING RENAULT CLIO para particulares | Desde 289 €/mes ✔️✔️,Renting RENAULT Clio,"Ofertas de Renting con todo incluido para Autónomos, Empresas y Particulares."
vehicle,/ofertas-de-renting/renault/clio/renault-clio/,▷ Renting RENAULT CLIO empresas | Desde 187 €/mes ✔️✔️,Renting RENAULT Clio,"Ofertas de Renting con todo incluido para Autónomos, Empresas y Particulares."
catalog,/ofertas-de-renting/renault/express/,▷ Ofertas de RENTING RENAULT EXPRESS | SIN ENTRADA ✔️✔️,Renting RENAULT Express sin entrada,"Ofertas de Renting con todo incluido para Autónomos, Empresas y Particulares."
vehicle,/ofertas-de-renting/renault/express/renault-express-2/,▷ RENTING RENAULT EXPRESS | Desde 259 €/mes ✔️✔️,Renting RENAULT Express,"Ofertas de Renting con todo incluido para Autónomos, Empresas y Particulares."
vehicle,/ofertas-de-renting/renault/express/renault-express-3/,▷ RENTING RENAULT EXPRESS para particulares | Desde 364€,Renting RENAULT Express,"Ofertas de Renting con todo incluido para Autónomos, Empresas y Particulares."
vehicle,/ofertas-de-renting/renault/express/renault-express/,▷ Renting RENAULT EXPRESS empresas | Desde 245 €/mes ✔️✔️,Renting RENAULT Express,"Ofertas de Renting con todo incluido para Autónomos, Empresas y Particulares."
catalog,/ofertas-de-renting/renault/kangoo-combi/,▷ RENTING RENAULT KANGOO COMBI | SIN ENTRADA ✔️✔️,Renting RENAULT Kangoo Combi sin entrada,"Ofertas de Renting con todo incluido para Autónomos, Empresas y Particulares."
vehicle,/ofertas-de-renting/renault/kangoo-combi/renault-kangoo-combi-2/,▷ RENTING RENAULT KANGOO COMBI para particulares | Desde 441€,Renting RENAULT Kangoo Combi,"Ofertas de Renting con todo incluido para Autónomos, Empresas y Particulares."
vehicle,/ofertas-de-renting/renault/kangoo-combi/renault-kangoo-combi/,▷ Renting RENAULT KANGOO COMBI | Desde 255 €/mes ✔️✔️,Renting RENAULT Kangoo Combi,"Ofertas de Renting con todo incluido para Autónomos, Empresas y Particulares."
catalog,/ofertas-de-renting/seat/,Renting SEAT - Prisma Renting,Renting SEAT,"Ofertas de Renting con todo incluido para Autónomos, Empresas y Particulares."
catalog,/ofertas-de-renting/seat/arona/,▷ Ofertas de RENTING SEAT ARONA | SIN ENTRADA ✔️✔️,Renting SEAT Arona sin entrada,"Ofertas de Renting con todo incluido para Autónomos, Empresas y Particulares."
vehicle,/ofertas-de-renting/seat/arona/seat-arona-1-0-tsi-81kw-110cv-style-go2/,▷ Renting SEAT ARONA para particulares | Desde 225 €/mes ✔️✔️,Renting SEAT Arona Style,"Ofertas de Renting con todo incluido para Autónomos, Empresas y Particulares."
vehicle,/ofertas-de-renting/seat/arona/seat-arona-2/,▷ Renting SEAT ARONA para particulares | Desde 220 €/mes ✔️✔️,Renting SEAT Arona,"Ofertas de Renting con todo incluido para Autónomos, Empresas y Particulares."
vehicle,/ofertas-de-renting/seat/arona/seat-arona-3/,▷ RENTING SEAT ARONA para particulares | Desde 258 €/mes ✔️✔️,Renting SEAT Arona,"Ofertas de Renting con todo incluido para Autónomos, Empresas y Particulares."
vehicle,/ofertas-de-renting/seat/arona/seat-arona-4/,▷ RENTING SEAT ARONA para particulares | Desde 239 €/mes ✔️✔️,Renting SEAT Arona,"Ofertas de Renting con todo incluido para Autónomos, Empresas y Particulares."
vehicle,/ofertas-de-renting/seat/arona/seat-arona-5/,▷ RENTING SEAT ARONA para particulares | Desde 270 €/mes ✔️✔️,Renting SEAT Arona,"Ofertas de Renting con todo incluido para Autónomos, Empresas y Particulares."
catalog,/ofertas-de-renting/seat/ateca/,▷ Ofertas de RENTING SEAT ATECA | SIN ENTRADA ✔️✔️,Renting SEAT Ateca sin entrada,"Ofertas de Renting con todo incluido para Autónomos, Empresas y Particulares."
vehicle,/ofertas-de-renting/seat/ateca/seat-ateca-2/,▷ RENTING SEAT ATECA para particulares | Desde 337 €/mes ✔️✔️,Renting SEAT Ateca,"Ofertas de Renting con todo incluido para Autónomos, Empresas y Particulares."
vehicle,/ofertas-de-renting/seat/ateca/seat-ateca/,▷ Renting SEAT ATECA para particulares | Desde 280 €/mes ✔️✔️,Renting SEAT Ateca,"Ofertas de Renting con todo incluido para Autónomos, Empresas y Particulares."
vehicle,/ofertas-de-renting/seat/ibiza-2/seat-ibiza-2/,▷ RENTING SEAT IBIZA para particulares | Desde 264 €/mes ✔️✔️,Renting SEAT Ibiza,"Ofertas de Renting con todo incluido para Autónomos, Empresas y Particulares."
vehicle,/ofertas-de-renting/seat/ibiza-2/seat-ibiza/,▷ RENTING SEAT IBIZA para particulares | Desde 219 €/mes ✔️✔️,Renting SEAT Ibiza,"Ofertas de Renting con todo incluido para Autónomos, Empresas y Particulares."
catalog,/ofertas-de-renting/seat/ibiza/,▷ Ofertas de RENTING SEAT IBIZA | SIN ENTRADA ✔️✔️,Renting SEAT Ibiza sin entrada,"Ofertas de Renting con todo incluido para Autónomos, Empresas y Particulares."
vehicle,/ofertas-de-renting/seat/leon-seat/seat-leon-2/,▷ RENTING SEAT LEÓN para particulares | Desde 385 €/mes ✔️✔️,Renting SEAT León,"Ofertas de Renting con todo incluido para Autónomos, Empresas y Particulares."
vehicle,/ofertas-de-renting/seat/leon-seat/seat-leon-6/,▷ Renting SEAT LEÓN para particulares | Desde 251 €/mes ✔️✔️,Renting SEAT León,"Ofertas de Renting con todo incluido para Autónomos, Empresas y Particulares."
vehicle,/ofertas-de-renting/seat/leon-seat/seat-leon-7/,▷ Renting SEAT LEÓN para particulares | Desde 284 €/mes ✔️✔️,Renting SEAT León,"Ofertas de Renting con todo incluido para Autónomos, Empresas y Particulares."
vehicle,/ofertas-de-renting/seat/leon-seat/seat-leon-8/,▷ Renting SEAT LEÓN para particulares | Desde 242 €/mes ✔️✔️,Renting SEAT León,"Ofertas de Renting con todo incluido para Autónomos, Empresas y Particulares."
catalog,/ofertas-de-renting/seat/nuevo-leon/,▷ Ofertas de RENTING SEAT LEON | SIN ENTRADA ✔️✔️,Renting SEAT León sin entrada,"Ofertas de Renting con todo incluido para Autónomos, Empresas y Particulares."
vehicle,/ofertas-de-renting/seat/nuevo-leon/seat-leon/,▷ RENTING SEAT LEÓN para particulares | Desde 295 €/mes ✔️✔️,Renting SEAT León,"Ofertas de Renting con todo incluido para Autónomos, Empresas y Particulares."
catalog,/ofertas-de-renting/seat/tarraco/,▷ Ofertas de RENTING SEAT TARRACO | SIN ENTRADA ✔️✔️,Renting SEAT Tarraco sin entrada,"Ofertas de Renting con todo incluido para Autónomos, Empresas y Particulares."
vehicle,/ofertas-de-renting/seat/tarraco/seat-tarraco-hibrido/,▷ Renting SEAT TARRACO para particulares | Desde 487 €/mes ✔️✔️,Renting SEAT Tarraco,"Ofertas de Renting con todo incluido para Autónomos, Empresas y Particulares."
catalog,/ofertas-de-renting/skoda/,"▷ RENTING SKODA | Particulares, autónomos y empresas ✔️✔️",Renting SKODA,"Ofertas de Renting con todo incluido para Autónomos, Empresas y Particulares."
catalog,/ofertas-de-renting/skoda/enyaq/,▷ Ofertas de RENTING SKODA ENYAK | SIN ENTRADA ✔️✔️,Renting SKODA Enyaq sin entrada,"Ofertas de Renting con todo incluido para Autónomos, Empresas y Particulares."
vehicle,/ofertas-de-renting/skoda/enyaq/skoda-enyaq/,▷ RENTING SKODA ENYAQ para particulares | Desde 623 €/mes ✔️✔️,Renting SKODA Enyaq,"Ofertas de Renting con todo incluido para Autónomos, Empresas y Particulares."
catalog,/ofertas-de-renting/skoda/escala/,▷ Ofertas de RENTING SKODA SCALA | SIN ENTRADA ✔️✔️,Renting SKODA Scala sin entrada,"Ofertas de Renting con todo incluido para Autónomos, Empresas y Particulares."
catalog,/ofertas-de-renting/skoda/kamiq/,▷ Ofertas de RENTING SKODA KAMIQ | SIN ENTRADA ✔️✔️,Renting SKODA Kamiq sin entrada,"Ofertas de Renting con todo incluido para Autónomos, Empresas y Particulares."
vehicle,/ofertas-de-renting/skoda/kamiq/skoda-kamiq-2/,▷ RENTING SKODA KAMIQ para particulares | Desde 296 €/mes ✔️✔️,Renting SKODA Kamiq,"Ofertas de Renting con todo incluido para Autónomos, Empresas y Particulares."
vehicle,/ofertas-de-renting/skoda/kamiq/skoda-kamiq-3/,▷ RENTING SKODA KAMIQ para particulares | Desde 331 €/mes ✔️✔️,Renting SKODA Kamiq,"Ofertas de Renting con todo incluido para Autónomos, Empresas y Particulares."
vehicle,/ofertas-de-renting/skoda/kamiq/skoda-kamiq-4/,▷ RENTING SKODA KAMIQ para particulares | Desde 310 €/mes ✔️✔️,Renting SKODA Kamiq,"Ofertas de Renting con todo incluido para Autónomos, Empresas y Particulares."
vehicle,/ofertas-de-renting/skoda/kamiq/skoda-kamiq/,▷ Renting SKODA KAMIQ para particulares | Desde 270 €/mes ✔️✔️,Renting SKODA Kamiq,"Ofertas de Renting con todo incluido para Autónomos, Empresas y Particulares."
catalog,/ofertas-de-renting/skoda/karoq/,▷ Ofertas de RENTING SKODA KAROQ | SIN ENTRADA ✔️✔️,Renting SKODA Karoq sin entrada,"Ofertas de Renting con todo incluido para Autónomos, Empresas y Particulares."
vehicle,/ofertas-de-renting/skoda/karoq/skoda-karoq-2/,▷ RENTING SKODA KAROQ para particulares | Desde 391 €/mes ✔️✔️,Renting SKODA Karoq,"Ofertas de Renting con todo incluido para Autónomos, Empresas y Particulares."
vehicle,/ofertas-de-renting/skoda/karoq/skoda-karoq/,▷ Renting SKODA KAROQ para particulares | Desde 328 €/mes ✔️✔️,Renting SKODA Karoq,"Ofertas de Renting con todo incluido para Autónomos, Empresas y Particulares."
vehicle,/ofertas-de-renting/skoda/kodiaq-2/skoda-kodiaq/,▷ RENTING SKODA KODIAQ para particulares | Desde 488 €/mes ✔️✔️,Renting SKODA Kodiaq,"Ofertas de Renting con todo incluido para Autónomos, Empresas y Particulares."
catalog,/ofertas-de-renting/skoda/kodiaq/,▷ Ofertas de RENTING SKODA KODIAQ | SIN ENTRADA ✔️✔️,Renting SKODA Kodiaq sin entrada,"Ofertas de Renting con todo incluido para Autónomos, Empresas y Particulares."
vehicle,/ofertas-de-renting/skoda/scala/skoda-scala-2/,▷ RENTING SKODA SCALA para particulares | Desde 256 €/mes ✔️✔️,Renting SKODA Scala,"Ofertas de Renting con todo incluido para Autónomos, Empresas y Particulares."
vehicle,/ofertas-de-renting/skoda/scala/skoda-scala-4/,▷ RENTING SKODA SCALA para particulares | Desde 299 €/mes ✔️✔️,Renting SKODA Scala,"Ofertas de Renting con todo incluido para Autónomos, Empresas y Particulares."
vehicle,/ofertas-de-renting/skoda/scala/skoda-scala/,▷ RENTING SKODA SCALA para particulares | Desde 255 €/mes ✔️✔️,Renting SKODA Scala,"Ofertas de Renting con todo incluido para Autónomos, Empresas y Particulares."
catalog,/ofertas-de-renting/smart/,"▷ Renting Smart | Particulares, autónomos y empresas ✔️✔️",Renting SMART,"Ofertas de Renting con todo incluido para Autónomos, Empresas y Particulares."
catalog,/ofertas-de-renting/ssangyong/,"▷ Renting Ssangyong | Particulares, autónomos y empresas ✔️✔️",Renting SSANGYONG,"Ofertas de Renting con todo incluido para Autónomos, Empresas y Particulares."
catalog,/ofertas-de-renting/subaru/,"▷ Renting Subaru | Particulares, autónomos y empresas ✔️✔️",Renting SUBARU,"Ofertas de Renting con todo incluido para Autónomos, Empresas y Particulares."
catalog,/ofertas-de-renting/suzuki/,"▷ Renting Suzuki | Particulares, autónomos y empresas ✔️✔️",Renting SUZUKI,"Ofertas de Renting con todo incluido para Autónomos, Empresas y Particulares."
catalog,/ofertas-de-renting/tesla/,"▷ Ofertas de RENTING TESLA | Particulares, autónomos y empresas ✔️",Renting TESLA,"Ofertas de Renting con todo incluido para Autónomos, Empresas y Particulares."
catalog,/ofertas-de-renting/tesla/model-3/,▷ Ofertas de RENTING TESLA MODEL 3 | SIN ENTRADA ✔️✔️,Renting TESLA Model 3,"Ofertas de Renting con todo incluido para Autónomos, Empresas y Particulares."
vehicle,/ofertas-de-renting/tipo-de-coche/furgonetas/fiat-talento/,▷ Renting FIAT TALENTO para particulares | Desde 296 €/mes ✔️✔️,Renting FIAT Talento,"Ofertas de Renting con todo incluido para Autónomos, Empresas y Particulares."
vehicle,/ofertas-de-renting/tipo-de-coche/furgonetas/ford-transit-courier-van/,▷ Renting FORD TRANSIT COURIER VAN | Desde 317 €/mes ✔️✔️,Renting FORD Transit Courier VAN,"Ofertas de Renting con todo incluido para Autónomos, Empresas y Particulares."
catalog,/ofertas-de-renting/toyota/,▷ Oferta de RENTING TOYOTA | Con todo incluido | SIN ENTRADA ✔️✔️,Renting TOYOTA,"Ofertas de Renting con todo incluido para Autónomos, Empresas y Particulares."
catalog,/ofertas-de-renting/toyota/aygo-x-cross/,▷ Ofertas de RENTING TOYOTA AYGO X CROSS | SIN ENTRADA ✔️✔️,Renting TOYOTA Aygo X Cross sin entrada,"Ofertas de Renting con todo incluido para Autónomos, Empresas y Particulares."
vehicle,/ofertas-de-renting/toyota/aygo-x-cross/toyota-aygo-x-cross/,▷ RENTING TOYOTA AYGO X CROSS | Desde 233€/mes,Renting TOYOTA Aygo X Cross,"Ofertas de Renting con todo incluido para Autónomos, Empresas y Particulares."
catalog,/ofertas-de-renting/toyota/c-hr/,▷ Ofertas de RENTING TOYOTA CHR | SIN ENTRADA ✔️✔️,Renting TOYOTA C HR sin entrada,"Ofertas de Renting con todo incluido para Autónomos, Empresas y Particulares."
vehicle,/ofertas-de-renting/toyota/c-hr/toyota-c-hr-2/,▷ RENTING TOYOTA C-HR para particulares | Desde 307 €/mes ✔️✔️,Renting TOYOTA C-Hr,"Ofertas de Renting con todo incluido para Autónomos, Empresas y Particulares."
vehicle,/ofertas-de-renting/toyota/c-hr/toyota-c-hr-3/,▷ RENTING TOYOTA C-HR para particulares | Desde 364 €/mes ✔️✔️,Renting TOYOTA C-HR,"Ofertas de Renting con todo incluido para Autónomos, Empresas y Particulares."
vehicle,/ofertas-de-renting/toyota/c-hr/toyota-c-hr/,▷ Renting TOYOTA CHR para particulares | Desde 314 €/mes ✔️✔️,Renting TOYOTA C-HR,"Ofertas de Renting con todo incluido para Autónomos, Empresas y Particulares."
catalog,/ofertas-de-renting/toyota/corolla/,▷ Ofertas de RENTING TOYOTA COROLLA | SIN ENTRADA ✔️✔️,Renting TOYOTA Corolla sin entrada,"Ofertas de Renting con todo incluido para Autónomos, Empresas y Particulares."
vehicle,/ofertas-de-renting/toyota/corolla/toyota-corolla-15-e-ctv-activetech/,▷ Renting TOYOTA COROLLA para particulares | Desde 309 €/mes ✔️✔️,Renting TOYOTA Corolla ActiveTech,"Ofertas de Renting con todo incluido para Autónomos, Empresas y Particulares."
vehicle,/ofertas-de-renting/toyota/corolla/toyota-corolla-2/,▷ RENTING TOYOTA COROLLA para particulares | Desde 374€,Renting TOYOTA Corolla,"Ofertas de Renting con todo incluido para Autónomos, Empresas y Particulares."
vehicle,/ofertas-de-renting/toyota/corolla/toyota-corolla/,▷ RENTING TOYOTA COROLLA para particulares | Desde 297 €/mes ✔️✔️,Renting TOYOTA Corolla,"Ofertas de Renting con todo incluido para Autónomos, Empresas y Particulares."
catalog,/ofertas-de-renting/toyota/proace-city/,▷ Ofertas de RENTING TOYOTA PROACE CITY | SIN ENTRADA ✔️✔️,Renting TOYOTA Proace City sin entrada,"Ofertas de Renting con todo incluido para Autónomos, Empresas y Particulares."
vehicle,/ofertas-de-renting/toyota/proace-city/toyota-proace-city/,▷ Renting TOYOTA PROACE CITY empresas | Desde 400 €/mes ✔️✔️,Renting TOYOTA Proace City,"Ofertas de Renting con todo incluido para Autónomos, Empresas y Particulares."
catalog,/ofertas-de-renting/toyota/rav4/,▷ Ofertas de RENTING TOYOTA RAV4 | SIN ENTRADA ✔️✔️,Renting TOYOTA Rav4 sin entrada,"Ofertas de Renting con todo incluido para Autónomos, Empresas y Particulares."
vehicle,/ofertas-de-renting/toyota/rav4/toyota-rav4/,▷ Renting TOYOTA RAV4 para particulares | Desde 546 €/mes ✔️✔️,Renting TOYOTA RAV4,"Ofertas de Renting con todo incluido para Autónomos, Empresas y Particulares."
catalog,/ofertas-de-renting/toyota/yaris/,▷ Ofertas de RENTING TOYOTA YARIS | SIN ENTRADA ✔️✔️,Renting TOYOTA Yaris sin entrada,"Ofertas de Renting con todo incluido para Autónomos, Empresas y Particulares."
vehicle,/ofertas-de-renting/toyota/yaris/toyota-yaris-120h-e-ctv-business-plus/,▷ Renting TOYOTA YARIS para particulares | Desde 270 €/mes ✔️✔️,Renting TOYOTA Yaris Business Plus,"Ofertas de Renting con todo incluido para Autónomos, Empresas y Particulares."
catalog,/ofertas-de-renting/volkswagen/,"▷ RENTING VOLKSWAGEN | Particulares, autónomos y empresas ✔️✔️",Renting VOLKSWAGEN,"Ofertas de Renting con todo incluido para Autónomos, Empresas y Particulares."
catalog,/ofertas-de-renting/volkswagen/arteon/,Página del VOLKSWAGEN Arteon - Prisma Renting,Renting VOLKSWAGEN Arteon,"Ofertas de Renting con todo incluido para Autónomos, Empresas y Particulares."
vehicle,/ofertas-de-renting/volkswagen/arteon/volkswagen-arteon-r-line-tdi-dsg/,▷ Renting VOLKSWAGEN ARTEON | Desde 816€/mes ✔️✔️,Renting VOLKSWAGEN Arteon R-Line,"Ofertas de Renting con todo incluido para Autónomos, Empresas y Particulares."
vehicle,/ofertas-de-renting/volkswagen/caddy/volkswagen-caddy-2/,▷ RENTING VOLKSWAGEN CADDY para particulares | Desde 344 €/mes ✔️✔️,Renting VOLKSWAGEN Caddy,"Ofertas de Renting con todo incluido para Autónomos, Empresas y Particulares."
vehicle,/ofertas-de-renting/volkswagen/caddy/volkswagen-caddy-3/,▷ RENTING VOLKSWAGEN CADDY para particulares | Desde 544€,Renting VOLKSWAGEN Caddy,"Ofertas de Renting con todo incluido para Autónomos, Empresas y Particulares."
vehicle,/ofertas-de-renting/volkswagen/caddy/volkswagen-caddy/,▷ RENTING VOLKSWAGEN CADDY para particulares | Desde 318 €/mes ✔️✔️,Renting VOLKSWAGEN Caddy,"Ofertas de Renting con todo incluido para Autónomos, Empresas y Particulares."
catalog,/ofertas-de-renting/volkswagen/golf/,▷ RENTING VOLKSWAGEN GOLF | SIN ENTRADA ✔️✔️,Renting VOLKSWAGEN Golf,"Ofertas de Renting con todo incluido para Autónomos, Empresas y Particulares."
vehicle,/ofertas-de-renting/volkswagen/golf/volkswagen-golf-2/,▷ Renting VOLKSWAGEN GOLF | Desde 302 €/mes ✔️✔️,Renting VOLKSWAGEN Golf,"Ofertas de Renting con todo incluido para Autónomos, Empresas y Particulares."
vehicle,/ofertas-de-renting/volkswagen/golf/volkswagen-golf/,▷ Renting VOLKSWAGEN GOLF | Desde 407 €/mes ✔️✔️,Renting VOLKSWAGEN Golf,"Ofertas de Renting con todo incluido para Autónomos, Empresas y Particulares."
catalog,/ofertas-de-renting/volkswagen/polo/,▷ RENTING VOLKSWAGEN POLO | SIN ENTRADA ✔️✔️,Renting VOLKSWAGEN Polo,"Ofertas de Renting con todo incluido para Autónomos, Empresas y Particulares."
vehicle,/ofertas-de-renting/volkswagen/polo/volkswagen-polo/,▷ Renting VOLKSWAGEN POLO | Desde 328 €/mes ✔️✔️,Renting VOLKSWAGEN Polo,"Ofertas de Renting con todo incluido para Autónomos, Empresas y Particulares."
catalog,/ofertas-de-renting/volkswagen/t-cross/,▷ Ofertas de RENTING VOLKSWAGEN T CROSS | SIN ENTRADA ✔️✔️,Renting VOLKSWAGEN T Cross,"Ofertas de Renting con todo incluido para Autónomos, Empresas y Particulares."
vehicle,/ofertas-de-renting/volkswagen/t-cross/volkswagen-t-cross/,▷ Renting VOLKSWAGEN T-CROSS | Desde 282 €/mes ✔️✔️,Renting VOLKSWAGEN T-Cross,"Ofertas de Renting con todo incluido para Autónomos, Empresas y Particulares."
catalog,/ofertas-de-renting/volkswagen/t-roc/,▷ Ofertas de RENTING VOLKSWAGEN T ROC | SIN ENTRADA ✔️✔️,Renting VOLKSWAGEN T Roc,"Ofertas de Renting con todo incluido para Autónomos, Empresas y Particulares."
vehicle,/ofertas-de-renting/volkswagen/t-roc/volkswagen-t-roc-3/,▷ Renting VOLKSWAGEN T-ROC | Desde 305 €/mes ✔️✔️,Renting VOLKSWAGEN T-ROC,"Ofertas de Renting con todo incluido para Autónomos, Empresas y Particulares."
vehicle,/ofertas-de-renting/volkswagen/t-roc/volkswagen-t-roc/,▷ Renting VOLKSWAGEN T ROC | Desde 353 €/mes ✔️✔️,Renting VOLKSWAGEN T-ROC,"Ofertas de Renting con todo incluido para Autónomos, Empresas y Particulares."
catalog,/ofertas-de-renting/volkswagen/tiguan/,▷ RENTING VOLKSWAGEN TIGUAN | SIN ENTRADA ✔️✔️,Renting VOLKSWAGEN Tiguan,"Ofertas de Renting con todo incluido para Autónomos, Empresas y Particulares."
vehicle,/ofertas-de-renting/volkswagen/tiguan/volkswagen-tiguan/,▷ RENTING VOLKSWAGEN TIGUAN | Desde 493 €/mes ✔️✔️,Renting VOLKSWAGEN Tiguan,"Ofertas de Renting con todo incluido para Autónomos, Empresas y Particulares."
catalog,/ofertas-de-renting/volkswagen/transporter/,▷ RENTING VOLKSWAGEN TRANSPORTER | SIN ENTRADA ✔️✔️,Renting VOLKSWAGEN Transporter,"Ofertas de Renting con todo incluido para Autónomos, Empresas y Particulares."
vehicle,/ofertas-de-renting/volkswagen/transporter/volkswagen-transporter-2/,▷ Renting VOLKSWAGEN TRANSPORTER | Desde 305 €/mes ✔️✔️,Renting VOLKSWAGEN Transporter,"Ofertas de Renting con todo incluido para Autónomos, Empresas y Particulares."
vehicle,/ofertas-de-renting/volkswagen/transporter/volkswagen-transporter-3/,▷ Renting VOLKSWAGEN TRANSPORTER | Desde 305 €/mes ✔️✔️,Renting VOLKSWAGEN Transporter,"Ofertas de Renting con todo incluido para Autónomos, Empresas y Particulares."
vehicle,/ofertas-de-renting/volkswagen/transporter/volkswagen-transporter-4/,▷ RENTING VOLKSWAGEN TRANSPORTER | Desde 402€,Renting VOLKSWAGEN Transporter,"Ofertas de Renting con todo incluido para Autónomos, Empresas y Particulares."
vehicle,/ofertas-de-renting/volkswagen/transporter/volkswagen-transporter/,▷ Renting VOLKSWAGEN TRANSPORTER | Desde 307 €/mes ✔️✔️,Renting VOLKSWAGEN Transporter,"Ofertas de Renting con todo incluido para Autónomos, Empresas y Particulares."
catalog,/ofertas-de-renting/volvo/,▷ Oferta de RENTING VOLVO | Todo incluido | SIN ENTRADA ✔️✔️,Renting VOLVO,"Ofertas de Renting con todo incluido para Autónomos, Empresas y Particulares."
catalog,/ofertas-de-renting/volvo/xc40/,▷ Ofertas de RENTING VOLVO XC40 | SIN ENTRADA ✔️✔️,Renting VOLVO Xc40 sin entrada,"Ofertas de Renting con todo incluido para Autónomos, Empresas y Particulares."
vehicle,/ofertas-de-renting/volvo/xc40/volvo-xc40-2/,▷ RENTING VOLVO XC40 para particulares | Desde 631€/mes ✔️✔️,Renting VOLVO Xc40,"Ofertas de Renting con todo incluido para Autónomos, Empresas y Particulares."
vehicle,/ofertas-de-renting/volvo/xc40/volvo-xc40/,▷ RENTING VOLVO XC40 para particulares | Desde 600 €/mes,Renting VOLVO Xc40,"Ofertas de Renting con todo incluido para Autónomos, Empresas y Particulares."
catalog,/ofertas-de-renting/volvo/xc60/,▷ Ofertas de RENTING VOLVO XC60 | SIN ENTRADA ✔️✔️,Renting VOLVO Xc60 sin entrada,"Ofertas de Renting con todo incluido para Autónomos, Empresas y Particulares."
vehicle,/ofertas-de-renting/volvo/xc60/volvo-xc60/,▷ RENTING VOLVO XC60 para particulares | Desde 739 €/mes ✔️✔️,Renting VOLVO Xc60,"Ofertas de Renting con todo incluido para Autónomos, Empresas y Particulares."
seo-landing,/plan-moves-grandes-flotas/,El gobierno aprueba el PLAN MOVES GRANDES FLOTAS - Prisma Blog,,"Ofertas de Renting con todo incluido para Autónomos, Empresas y Particulares."
corporate,/politica-de-cookies/,POLITICA DE COOKIES - Prisma Renting,POLÍTICA DE COOKIES,"Ofertas de Renting con todo incluido para Autónomos, Empresas y Particulares."
corporate,/politica-de-privacidad/,POLÍTICA DE PRIVACIDAD - Prisma Renting,POLÍTICA DE PRIVACIDAD,"Ofertas de Renting con todo incluido para Autónomos, Empresas y Particulares."
seo-landing,/primera-carrera-de-automoviles-de-la-historia/,Primera carrera de automóviles de la historia - Prisma Renting,,"Ofertas de Renting con todo incluido para Autónomos, Empresas y Particulares."
seo-landing,/pueblos-mas-bonitos-ibiza/,▷ Los pueblos más bonitos de Ibiza | Prisma Renting,,"Ofertas de Renting con todo incluido para Autónomos, Empresas y Particulares."
seo-landing,/que-debes-tener-en-cuenta-a-la-hora-de-contratar-un-renting/,Qué tener en cuenta si vas a contratar un renting - Prisma Renting,,"Ofertas de Renting con todo incluido para Autónomos, Empresas y Particulares."
seo-landing,/que-hace-un-supermercado-vendiendo-coches-de-renting/,¿Qué hace un supermercado vendiendo coches de Renting? - Prisma Renting,,"Ofertas de Renting con todo incluido para Autónomos, Empresas y Particulares."
seo-landing,/que-tipo-de-multas-recibimos-los-espanoles-de-forma-mas-frecuente/,¿Qué tipo de multas recibimos los españoles de forma más frecuente? - Prisma Renting,,"Ofertas de Renting con todo incluido para Autónomos, Empresas y Particulares."
seo-landing,/renting-20000-km/,Renting 20000 km al año | Prisma Renting,Renting 20000 km al año,"Ofertas de Renting con todo incluido para Autónomos, Empresas y Particulares."
seo-landing,/renting-25000-km-ano/,Renting 25.000 km al año | Prisma Renting,Renting 25000 km al año,"Ofertas de Renting con todo incluido para Autónomos, Empresas y Particulares."
seo-landing,/renting-30000-km-ano/,Renting 30000 km al año | Prisma Renting,Renting 30000 km al año,"Ofertas de Renting con todo incluido para Autónomos, Empresas y Particulares."
seo-landing,/renting-40000-km-ano/,Renting 40000 km al año | Prisma Renting,Renting 40000 km al año,"Ofertas de Renting con todo incluido para Autónomos, Empresas y Particulares."
seo-landing,/renting-5000-km-ano/,Renting 5.000 km año | Prisma Renting,Renting 5000 km año,"Ofertas de Renting con todo incluido para Autónomos, Empresas y Particulares."
seo-landing,/renting-50000-km-ano/,Renting 50.000 km al año | Prisma Renting,Renting 50000 km al año,"Ofertas de Renting con todo incluido para Autónomos, Empresas y Particulares."
seo-landing,/renting-60000-km-ano/,Renting 60.000 km al año | Prisma Renting,Renting 60000 km al año,"Ofertas de Renting con todo incluido para Autónomos, Empresas y Particulares."
seo-landing,/renting-9-plazas/,Renting 9 Plazas | Prisma Renting,Renting 9 Plazas,"Ofertas de Renting con todo incluido para Autónomos, Empresas y Particulares."
seo-landing,/renting-coche-7-plazas/,Renting de Coche 7 Plazas | Prisma Renting,Renting Coche 7 Plazas,"Ofertas de Renting con todo incluido para Autónomos, Empresas y Particulares."
seo-landing,/renting-coche-familiar/,Renting Coche Familiar | Prisma Renting,Renting Coche Familiar,"Ofertas de Renting con todo incluido para Autónomos, Empresas y Particulares."
seo-landing,/renting-coches-automaticos/,Renting Coches Automáticos | Prisma Renting,Renting Coches Automáticos,"Ofertas de Renting con todo incluido para Autónomos, Empresas y Particulares."
profile,/renting-coches-autonomos/,RENTING COCHES AUTÓNOMOS ↑↑《TOP1》RENTING BARATO,Renting autónomos al mejor precio,RENTING DE COCHES para AUTÓNOMOS al mejor precio | 50€ DE REGALO al contratar tu renting | Renting de coches para autónomos MÁS BARATO
seo-landing,/renting-coches-deportivos/,Renting Coches Deportivos | Prisma Renting,Renting Coches Deportivos,"Ofertas de Renting con todo incluido para Autónomos, Empresas y Particulares."
seo-landing,/renting-coches-diesel/,Renting Coches Diesel | Prisma Renting,Renting Coches Diésel,"Ofertas de Renting con todo incluido para Autónomos, Empresas y Particulares."
seo-landing,/renting-coches-electricos/,▷ Renting Coches Eléctricos | Prisma Renting,Renting coches eléctricos,"Ofertas de Renting con todo incluido para Autónomos, Empresas y Particulares."
profile,/renting-coches-empresas/,Renting para Empresas | Oferta de Coches y Vehículos,Renting empresas al mejor precio,RENTING DE COCHES para EMPRESAS al mejor precio | 50€ DE REGALO al contratar tu renting | Coches de renting para empresas BARATOS
seo-landing,/renting-coches-gasolina/,Renting Coches Gasolina | Prisma Renting,Renting Coches Gasolina,"Ofertas de Renting con todo incluido para Autónomos, Empresas y Particulares."
seo-landing,/renting-coches-manuales/,Renting Coches Manuales | Prisma Renting,Renting Coches Manuales,"Ofertas de Renting con todo incluido para Autónomos, Empresas y Particulares."
profile,/renting-coches-particulares/,RENTING COCHES PARTICULARES ↑↑《TOP1》RENTING BARATO,Renting particulares al mejor precio,RENTING DE COCHES para PARTICULARES al mejor precio | 50€ DE REGALO al contratar tu renting | Renting de coches para particulares baratos
seo-landing,/renting-coches-pequenos/,Renting Coches Pequeños | Prisma Renting,Renting Coches Pequeños,"Ofertas de Renting con todo incluido para Autónomos, Empresas y Particulares."
seo-landing,/renting-con-entrada/,▷ Renting con entrada | Prisma Renting,Renting con entrada,"Ofertas de Renting con todo incluido para Autónomos, Empresas y Particulares."
seo-landing,/renting-corto-plazo/,▷ Renting corto plazo | Prisma Renting,Renting corto plazo,"Ofertas de Renting con todo incluido para Autónomos, Empresas y Particulares."
seo-landing,/renting-descapotable/,Renting Descapotable | Prisma Renting,Renting Descapotable,"Ofertas de Renting con todo incluido para Autónomos, Empresas y Particulares."
seo-landing,/renting-entrega-inmediata/,RENTING COCHES CON ENTREGA INMEDIATA | DESDE 264€/MES,Renting de coches ENTREGA INMEDIATA,"Ofertas de Renting con todo incluido para Autónomos, Empresas y Particulares."
seo-landing,/renting-espana/,Renting en España | Prisma Renting,Renting coches España,"Ofertas de Renting con todo incluido para Autónomos, Empresas y Particulares."
seo-landing,/renting-espana/albacete/,Renting de coches en Albacete | Prisma Renting,Renting Albacete,"Ofertas de Renting con todo incluido para Autónomos, Empresas y Particulares."
seo-landing,/renting-espana/alicante/,Renting de Coches en Alicante | Prisma Renting,Renting coches Alicante,"Ofertas de Renting con todo incluido para Autónomos, Empresas y Particulares."
seo-landing,/renting-espana/almeria/,Renting de Coches en Almeria | Prisma Renting,Renting coches Almería,"Ofertas de Renting con todo incluido para Autónomos, Empresas y Particulares."
seo-landing,/renting-espana/asturias/,Coches de Renting en Asturias | Prisma Renting,Coches Renting Asturias,"Ofertas de Renting con todo incluido para Autónomos, Empresas y Particulares."
seo-landing,/renting-espana/asturias/oviedo/,Renting de Coches en Oviedo | Prisma Renting,Renting Coches Oviedo,"Ofertas de Renting con todo incluido para Autónomos, Empresas y Particulares."
seo-landing,/renting-espana/badajoz/,Renting de Coches en Badajoz | Prisma Renting,Renting Coches Badajoz,"Ofertas de Renting con todo incluido para Autónomos, Empresas y Particulares."
seo-landing,/renting-espana/barcelona/,Renting de Coches en Barcelona | Prisma Renting,Renting Coches Barcelona,"Ofertas de Renting con todo incluido para Autónomos, Empresas y Particulares."
seo-landing,/renting-espana/bilbao/,Renting de Coches en Bilbao | Prisma Renting,Renting Coches Bilbao,"Ofertas de Renting con todo incluido para Autónomos, Empresas y Particulares."
seo-landing,/renting-espana/cadiz/,Renting Cadiz | Prisma Renting,Renting Cádiz,"Ofertas de Renting con todo incluido para Autónomos, Empresas y Particulares."
seo-landing,/renting-espana/cantabria/,Renting de Coches en Cantabria | Prisma Renting,Renting Coches Cantabria,"Ofertas de Renting con todo incluido para Autónomos, Empresas y Particulares."
seo-landing,/renting-espana/castellon/,Coches de Renting en Castellon | Prisma Renting,Coches Renting Castellón,"Ofertas de Renting con todo incluido para Autónomos, Empresas y Particulares."
seo-landing,/renting-espana/cordoba/,Renting en Córdoba | Prisma Renting,Renting Córdoba,"Ofertas de Renting con todo incluido para Autónomos, Empresas y Particulares."
seo-landing,/renting-espana/elche/,Renting de Coches en Elche | Prisma Renting,Renting Coches Elche,"Ofertas de Renting con todo incluido para Autónomos, Empresas y Particulares."
seo-landing,/renting-espana/galicia/,Renting en Galicia | Prisma Renting,Renting Galicia,"Ofertas de Renting con todo incluido para Autónomos, Empresas y Particulares."
seo-landing,/renting-espana/galicia/coruna/,Coches de Renting en A Coruña | Prisma Renting,Coches Renting Coruña,"Ofertas de Renting con todo incluido para Autónomos, Empresas y Particulares."
seo-landing,/renting-espana/galicia/ourense/,Renting Ourense | Prisma Renting,Renting Ourense,"Ofertas de Renting con todo incluido para Autónomos, Empresas y Particulares."
seo-landing,/renting-espana/galicia/santiago-de-compostela/,Renting Santiago de Compostela | Prisma Renting,Renting Santiago de Compostela,"Ofertas de Renting con todo incluido para Autónomos, Empresas y Particulares."
seo-landing,/renting-espana/gijon/,Renting de Coches en Gijón | Prisma Renting,Renting coches Gijón,"Ofertas de Renting con todo incluido para Autónomos, Empresas y Particulares."
seo-landing,/renting-espana/girona/,Renting en Girona | Prisma Renting,Renting Girona,"Ofertas de Renting con todo incluido para Autónomos, Empresas y Particulares."
seo-landing,/renting-espana/gran-canaria/,Renting Gran Canaria | Prisma Renting,Renting en Gran Canaria,"Ofertas de Renting con todo incluido para Autónomos, Empresas y Particulares."
seo-landing,/renting-espana/granada/,Renting en Granada | Prisma Renting,Renting en Granada,"Ofertas de Renting con todo incluido para Autónomos, Empresas y Particulares."
seo-landing,/renting-espana/guipuzcoa/,Renting de Coches en Guipuzcoa | Prisma Renting,Renting Coches Guipuzcoa,"Ofertas de Renting con todo incluido para Autónomos, Empresas y Particulares."
seo-landing,/renting-espana/huelva/,Renting de Coches en Huelva | Prisma Renting,Renting Coches Huelva,"Ofertas de Renting con todo incluido para Autónomos, Empresas y Particulares."
seo-landing,/renting-espana/ibiza/,Renting de Coches en Ibiza | Prisma Renting,Renting Coche Ibiza,"Ofertas de Renting con todo incluido para Autónomos, Empresas y Particulares."
seo-landing,/renting-espana/jaen/,Renting en Jaén | Prisma Renting,Renting Jaén,"Ofertas de Renting con todo incluido para Autónomos, Empresas y Particulares."
seo-landing,/renting-espana/logrono/,Renting de Coches en Logroño | Prisma Renting,Renting Coches Logroño,"Ofertas de Renting con todo incluido para Autónomos, Empresas y Particulares."
seo-landing,/renting-espana/lugo/,Renting en Lugo | Prisma Renting,Renting Lugo,"Ofertas de Renting con todo incluido para Autónomos, Empresas y Particulares."
seo-landing,/renting-espana/madrid/,▷ Renting de Coches en Madrid | Prisma Renting,Renting coches Madrid,"Ofertas de Renting con todo incluido para Autónomos, Empresas y Particulares."
seo-landing,/renting-espana/malaga/,Renting en Malaga | Prisma Renting,Renting en Málaga,"Ofertas de Renting con todo incluido para Autónomos, Empresas y Particulares."
seo-landing,/renting-espana/murcia/,Renting de Coches en Murcia | Prisma Renting,Renting Coches Murcia,"Ofertas de Renting con todo incluido para Autónomos, Empresas y Particulares."
seo-landing,/renting-espana/navarra/,Renting en Navarra | Prisma Renting,Renting Navarra,"Ofertas de Renting con todo incluido para Autónomos, Empresas y Particulares."
seo-landing,/renting-espana/pamplona/,Renting en Pamplona | Prisma Renting,Renting Pamplona,"Ofertas de Renting con todo incluido para Autónomos, Empresas y Particulares."
seo-landing,/renting-espana/pontevedra/,Renting en Pontevedra | Prisma Renting,Renting Pontevedra,"Ofertas de Renting con todo incluido para Autónomos, Empresas y Particulares."
seo-landing,/renting-espana/salamanca/,Renting de Coches en Salamanca | Prisma Renting,Renting Coches Salamanca,"Ofertas de Renting con todo incluido para Autónomos, Empresas y Particulares."
seo-landing,/renting-espana/sevilla/,Renting en Sevilla | Prisma Renting,Renting Sevilla,"Ofertas de Renting con todo incluido para Autónomos, Empresas y Particulares."
seo-landing,/renting-espana/tarragona/,Renting en Tarragona | Prisma Renting,Renting Tarragona,"Ofertas de Renting con todo incluido para Autónomos, Empresas y Particulares."
seo-landing,/renting-espana/toledo/,Renting en Toledo | Prisma Renting,Renting Toledo,"Ofertas de Renting con todo incluido para Autónomos, Empresas y Particulares."
seo-landing,/renting-espana/valencia/,Renting de Coches en Valencia | Prisma Renting,Renting Coches Valencia,"Ofertas de Renting con todo incluido para Autónomos, Empresas y Particulares."
seo-landing,/renting-espana/valladolid/,Renting Coches Valladolid | Prisma Renting,Renting Coches Valladolid,"Ofertas de Renting con todo incluido para Autónomos, Empresas y Particulares."
seo-landing,/renting-espana/vigo/,Renting Vigo | Prisma Renting,Renting en Vigo,"Ofertas de Renting con todo incluido para Autónomos, Empresas y Particulares."
seo-landing,/renting-espana/vitoria/,Renting Vitoria | Prisma Renting,Renting en Vitoria,"Ofertas de Renting con todo incluido para Autónomos, Empresas y Particulares."
seo-landing,/renting-espana/zaragoza/,Coches Renting Zaragoza | Prisma Renting,Coches Renting Zaragoza,"Ofertas de Renting con todo incluido para Autónomos, Empresas y Particulares."
seo-landing,/renting-flexible/,RENTING FLEXIBLE | POR MESES,Renting de coches flexible - por meses,"Ofertas de Renting con todo incluido para Autónomos, Empresas y Particulares."
seo-landing,/renting-furgonetas/,▷ Renting de furgonetas | Prisma Renting,Renting furgonetas,"Ofertas de Renting con todo incluido para Autónomos, Empresas y Particulares."
seo-landing,/renting-furgonetas/7-plazas/,▷ Renting Furgoneta de 7 plazas | Prisma Renting,Renting Furgoneta 7 Plazas,"Ofertas de Renting con todo incluido para Autónomos, Empresas y Particulares."
seo-landing,/renting-furgonetas/caja-abierta/,Furgoneta Caja abierta Renting | Prisma Renting,Furgoneta caja abierta Renting,"Ofertas de Renting con todo incluido para Autónomos, Empresas y Particulares."
seo-landing,/renting-furgonetas/combi/,Renting Furgonetas Combi | Prisma Renting,Renting Furgonetas Combi,"Ofertas de Renting con todo incluido para Autónomos, Empresas y Particulares."
seo-landing,/renting-furgonetas/electrica/,Renting Furgoneta Electrica | Prisma Renting,Renting Furgoneta Eléctrica,"Ofertas de Renting con todo incluido para Autónomos, Empresas y Particulares."
seo-landing,/renting-furgonetas/frigorifica/,Renting Furgoneta Frigorifica | Prisma Renting,Renting Furgoneta Frigorifica,"Ofertas de Renting con todo incluido para Autónomos, Empresas y Particulares."
seo-landing,/renting-furgonetas/grandes/,Renting Furgonetas Grandes | Prisma Renting,Renting Furgonetas Grandes,"Ofertas de Renting con todo incluido para Autónomos, Empresas y Particulares."
seo-landing,/renting-furgonetas/isotermicas/,Renting Furgonetas Isotermicas | Prisma Renting,Renting Furgonetas Isotermicas,"Ofertas de Renting con todo incluido para Autónomos, Empresas y Particulares."
seo-landing,/renting-furgonetas/mixtas/,Renting Furgonetas Mixtas | Prisma Renting,Renting Furgonetas Mixtas,"Ofertas de Renting con todo incluido para Autónomos, Empresas y Particulares."
seo-landing,/renting-furgonetas/pequenas/,Renting Furgonetas Pequeñas | Prisma Renting,Renting Furgonetas Pequeñas,"Ofertas de Renting con todo incluido para Autónomos, Empresas y Particulares."
seo-landing,/renting-furgonetas/renting-9-plazas/,▷ Renting de Furgonetas de 9 plazas | Prisma Renting,Renting Furgonetas 9 Plazas,"Ofertas de Renting con todo incluido para Autónomos, Empresas y Particulares."
seo-landing,/renting-furgonetas/sin-permanencia/,▷ Renting de Furgonetas sin permanencia | Prisma Renting,Renting Furgonetas Sin Permanencia,"Ofertas de Renting con todo incluido para Autónomos, Empresas y Particulares."
seo-landing,/renting-hibrido-enchufable/,Renting Híbrido Enchufable | Prisma Renting,Renting Híbrido Enchufable,"Ofertas de Renting con todo incluido para Autónomos, Empresas y Particulares."
seo-landing,/renting-hibridos/,▷ Renting Coches Híbridos | Prisma Renting,Renting coches Híbridos,"Ofertas de Renting con todo incluido para Autónomos, Empresas y Particulares."
seo-landing,/renting-largo-plazo/,▷ Renting a largo plazo | Prisma Renting,Renting largo plazo,"Ofertas de Renting con todo incluido para Autónomos, Empresas y Particulares."
seo-landing,/renting-monovolumen/,Renting Monovolumen | Prisma Renting,Renting Monovolumen,"Ofertas de Renting con todo incluido para Autónomos, Empresas y Particulares."
seo-landing,/renting-monovolumen/7-plazas/,Renting Monovolumen 7 plazas | Prisma Renting,Renting Monovolumen 7 plazas,"Ofertas de Renting con todo incluido para Autónomos, Empresas y Particulares."
seo-landing,/renting-noveles/,▷ Renting para noveles | Prisma Renting,Renting para Noveles,"Ofertas de Renting con todo incluido para Autónomos, Empresas y Particulares."
seo-landing,/renting-o-leasing-la-pregunta-del-millon/,¿Renting o leasing? La pregunta del millón. - Prisma Renting,,"Ofertas de Renting con todo incluido para Autónomos, Empresas y Particulares."
seo-landing,/renting-opcion-compra/,▷ Renting con Opción a Compra | Prisma Renting,Renting con Opcion a Compra,"Ofertas de Renting con todo incluido para Autónomos, Empresas y Particulares."
seo-landing,/renting-pick-up/,Renting Pick Up a un precio increíble | Prisma Renting,Renting Pick Up,"Ofertas de Renting con todo incluido para Autónomos, Empresas y Particulares."
seo-landing,/renting-por-meses/,▷ Renting por Meses | Prisma Renting,Renting por meses,"Ofertas de Renting con todo incluido para Autónomos, Empresas y Particulares."
seo-landing,/renting-por-meses/1-mes/,▷ Renting por 1 mes | Prisma Renting,Renting 1 mes,"Ofertas de Renting con todo incluido para Autónomos, Empresas y Particulares."
seo-landing,/renting-por-meses/12-meses/,▷ Renting por 12 meses | Prisma Renting,Renting 12 meses,"Ofertas de Renting con todo incluido para Autónomos, Empresas y Particulares."
seo-landing,/renting-por-meses/24-meses/,▷ Renting por 24 meses | Prisma Renting,Renting 24 meses,"Ofertas de Renting con todo incluido para Autónomos, Empresas y Particulares."
seo-landing,/renting-por-meses/3-meses/,▷ Renting por 3 meses | Prisma Renting,Renting 3 meses,"Ofertas de Renting con todo incluido para Autónomos, Empresas y Particulares."
seo-landing,/renting-por-meses/6-meses/,▷ Renting por 6 meses | Prisma Renting,Renting 6 meses,"Ofertas de Renting con todo incluido para Autónomos, Empresas y Particulares."
seo-landing,/renting-por-meses/sin-permanencia/,▷ Renting por meses sin permanencia | Prisma Renting,Renting por meses sin permanencia,"Ofertas de Renting con todo incluido para Autónomos, Empresas y Particulares."
seo-landing,/renting-sin-entrada/,▷ Renting sin entrada | Prisma Renting,Renting sin entrada,"Ofertas de Renting con todo incluido para Autónomos, Empresas y Particulares."
seo-landing,/renting-sin-limite-km/,▷ Renting sin limite de km | Prisma Renting,Renting Sin Limite de Km,"Ofertas de Renting con todo incluido para Autónomos, Empresas y Particulares."
seo-landing,/renting-sin-nomina/,▷ Renting sin nomina | Prisma Renting,Renting sin nómina,"Ofertas de Renting con todo incluido para Autónomos, Empresas y Particulares."
seo-landing,/renting-sin-permanencia/,▷ Renting Sin Permanencia | Prisma Renting,Renting Sin Permanencia,"Ofertas de Renting con todo incluido para Autónomos, Empresas y Particulares."
seo-landing,/renting-suv/,Renting SUV | Prisma Renting,Renting SUV,"Ofertas de Renting con todo incluido para Autónomos, Empresas y Particulares."
seo-landing,/renting-suv/automatico/,Renting SUV Automático | Prisma Renting,Renting SUV Automático,"Ofertas de Renting con todo incluido para Autónomos, Empresas y Particulares."
seo-landing,/renting-suv/electrico/,Renting SUV Electrico | Prisma Renting,Renting SUV Electrico,"Ofertas de Renting con todo incluido para Autónomos, Empresas y Particulares."
seo-landing,/renting-suv/hibridos/,Renting SUV Hibridos | Prisma Renting,Renting SUV Híbridos,"Ofertas de Renting con todo incluido para Autónomos, Empresas y Particulares."
seo-landing,/renting-todo-incluido/,▷ Renting Todo Incluido | Prisma Renting,Renting Todo Incluido,"Ofertas de Renting con todo incluido para Autónomos, Empresas y Particulares."
seo-landing,/renting-todoterrenos/,Renting Todoterrenos | Prisma Renting,Renting Todoterrenos,"Ofertas de Renting con todo incluido para Autónomos, Empresas y Particulares."
seo-landing,/renting-van/,Renting Van | Prisma Renting,Renting Van,"Ofertas de Renting con todo incluido para Autónomos, Empresas y Particulares."
seo-landing,/ruta-en-coche-por-cantabria/,▷ Ruta en coche por la maravillosa Cantabria | Prisma Renting,,"Ofertas de Renting con todo incluido para Autónomos, Empresas y Particulares."
seo-landing,/ruta-en-coche-por-el-pais-vasco/,▷ Ruta en coche por el País Vasco | Prisma Renting,,"Ofertas de Renting con todo incluido para Autónomos, Empresas y Particulares."
seo-landing,/rutas-by-prisma-renting-alicante/,Ruta en coche por Alicante✔✔ Prisma Renting,,"Ofertas de Renting con todo incluido para Autónomos, Empresas y Particulares."
seo-landing,/rutas-by-prisma-renting-centro-de-portugal/,Rutas en coche por el centro de Portugal | PRISMA Renting,,"Ofertas de Renting con todo incluido para Autónomos, Empresas y Particulares."
seo-landing,/rutas-by-prisma-renting-galicia/,Rutas en coche por Galicia | PRISMA Renting,,"Ofertas de Renting con todo incluido para Autónomos, Empresas y Particulares."
seo-landing,/rutas-en-coche-la-rioja/,▷ Rutas en coche: Disfruta de lo mejor de La Rioja | Prisma Renting,,"Ofertas de Renting con todo incluido para Autónomos, Empresas y Particulares."
seo-landing,/rutas-en-coche-recorriendo-madrid-i/,▷ Ruta en coche por los mejores pueblos de Madrid | Prisma Renting,,"Ofertas de Renting con todo incluido para Autónomos, Empresas y Particulares."
seo-landing,/sabias-que-el-coche-electrico-tiene-casi-200-anos/,¿Sabías qué el coche eléctrico tiene casi 200 años? - Prisma Renting,,"Ofertas de Renting con todo incluido para Autónomos, Empresas y Particulares."
seo-landing,/tag/automocion/,automoción archivos - Prisma Renting,,"Ofertas de Renting con todo incluido para Autónomos, Empresas y Particulares."
seo-landing,/tag/bulos-coches/,bulos coches archivos - Prisma Renting,,"Ofertas de Renting con todo incluido para Autónomos, Empresas y Particulares."
seo-landing,/tag/bulos-mundo-automocion/,bulos mundo automocion archivos - Prisma Renting,,"Ofertas de Renting con todo incluido para Autónomos, Empresas y Particulares."
seo-landing,/tag/canciones-espanolas-miticas-2/,canciones españolas miticas archivos - Prisma Renting,,"Ofertas de Renting con todo incluido para Autónomos, Empresas y Particulares."
seo-landing,/tag/coche-nuevo/,coche nuevo archivos - Prisma Renting,,"Ofertas de Renting con todo incluido para Autónomos, Empresas y Particulares."
seo-landing,/tag/coches-frikis/,coches frikis archivos - Prisma Renting,,"Ofertas de Renting con todo incluido para Autónomos, Empresas y Particulares."
seo-landing,/tag/coches-james-bond/,coches james bond archivos - Prisma Renting,,"Ofertas de Renting con todo incluido para Autónomos, Empresas y Particulares."
seo-landing,/tag/coches-mas-frikis-mundo/,coches mas frikis mundo archivos - Prisma Renting,,"Ofertas de Renting con todo incluido para Autónomos, Empresas y Particulares."
seo-landing,/tag/consejos-para-evitar-aquaplaning/,consejos para evitar aquaplaning archivos - Prisma Renting,,"Ofertas de Renting con todo incluido para Autónomos, Empresas y Particulares."
seo-landing,/tag/curiosidades-automocion/,curiosidades automoción archivos - Prisma Renting,,"Ofertas de Renting con todo incluido para Autónomos, Empresas y Particulares."
seo-landing,/tag/leasing/,leasing archivos - Prisma Renting,,"Ofertas de Renting con todo incluido para Autónomos, Empresas y Particulares."
seo-landing,/tag/novedades-coches/,novedades coches archivos - Prisma Renting,,"Ofertas de Renting con todo incluido para Autónomos, Empresas y Particulares."
seo-landing,/tag/renting-autonomos/,renting autónomos archivos - Prisma Renting,,"Ofertas de Renting con todo incluido para Autónomos, Empresas y Particulares."
seo-landing,/tag/renting-barato/,renting barato archivos - Prisma Renting,,"Ofertas de Renting con todo incluido para Autónomos, Empresas y Particulares."
seo-landing,/tag/renting-de-coches/,renting de coches archivos - Prisma Renting,,"Ofertas de Renting con todo incluido para Autónomos, Empresas y Particulares."
seo-landing,/tag/renting-empresas/,renting empresas archivos - Prisma Renting,,"Ofertas de Renting con todo incluido para Autónomos, Empresas y Particulares."
seo-landing,/tag/renting-particulares/,renting particulares archivos - Prisma Renting,,"Ofertas de Renting con todo incluido para Autónomos, Empresas y Particulares."
seo-landing,/tag/renting/,renting archivos - Prisma Renting,,"Ofertas de Renting con todo incluido para Autónomos, Empresas y Particulares."
seo-landing,/tag/rodaje-coche-nuevo/,rodaje coche nuevo archivos - Prisma Renting,,"Ofertas de Renting con todo incluido para Autónomos, Empresas y Particulares."
seo-landing,/tag/tratar-coche-nuevo/,tratar coche nuevo archivos - Prisma Renting,,"Ofertas de Renting con todo incluido para Autónomos, Empresas y Particulares."
seo-landing,/tarjeta-de-fidelizacion/,Tarjeta de fidelización - Prisma Renting,Queremos regalarte una Tarjeta de Embajador,"Ofertas de Renting con todo incluido para Autónomos, Empresas y Particulares."
seo-landing,/tendencias-digitales-mundo-automocion/,▷ Las tendencias digitales del mundo de la automoción | Prisma Renting,,"Ofertas de Renting con todo incluido para Autónomos, Empresas y Particulares."
seo-landing,/trucos-contaminar-menos-con-tu-coche/,▷ Trucos para contaminar menos con tu coche | Prisma Renting,,"Ofertas de Renting con todo incluido para Autónomos, Empresas y Particulares."
seo-landing,/▷-rutaruta-coche-costa-tropical-granada/,▷ Ruta en coche por la COSTA TROPICAL de Granada | Prisma Renting,,"Ofertas de Renting con todo incluido para Autónomos, Empresas y Particulares."
